global_index,category_index,category_name,category_url,image_index_in_category,image_url,alt,product_name,current_price,old_price,discount,rating,review_count,shipping_info,card_text,top,left,product_url,listing_url
1,1,piscine et spa,https://www.cdiscount.com/corner/op/operation/operation-plein-air/piscines-et-spa/l-14121080932.html,1,https://www.cdiscount.com/pdt2/7/9/7/1/400x400/auc3700684106797/rw/spa-gonflable-6-personnes-carre-ospazia-jusqu-a.jpg,Spa Gonflable 6 personnes carré Ospazia - Jusqu’à 40°C - Prêt en 5 minutes - Couverture et filtre inclus,Spa Gonflable 6 personnes carré Ospazia - Jusqu’à 40°C - Prêt en 5 minutes - Couverture et filtre inclus,"699,00 €","699,00 €",,4.1,40,Livraison gratuite1 Moins cher qu'Amazon,"Meilleur prix Sponsorisé? Spa Gonflable 6 personnes carré Ospazia - Jusqu’à 40°C - Prêt en 5 minutes - Couverture et filtre inclus 4,1 / 5 40 avis Composition du lot : Le lot contient le spa, un filtre, un cadenas, un tuyau de gonflage, un tapis de sol et une couverture à clips Nombre et type de jets : 130 micro-jets Dimensions : 185 x 185 x 65 cm Hauteur de la ligne d'eau : 66 cm Livraison gratuite1 Moins cher qu'Amazon.fr ? 359,95 € Ajouter",420.0,332.0,https://www.cdiscount.com/jardin/spa/spa-gonflable-6-personnes-carre-ospazia-jusqu-a/f-1633001-auc3700684106797.html?idOffre=402533183&sw=2176a09e38a4770ef97846c149063d4f9b2d8c30b0f6cc77e47586da4daaf58d24c43550d87b66e5f4ee60e0c7cd4615f94e5cee3c764f44923a11e53f4cbf40e7fe3f2df541107a3c36802f40fad42de144b6e76b7fffd95aec282b86507c31896241311418cefbb6dc2be7769a01b5ea6a0bf78e5f971a10257eaa2eaa52c6115c53cb9df87e9566fb445d253f478e#mpos=1|mp,https://www.cdiscount.com/b-431533-piscines-et-spa.html
2,1,piscine et spa,https://www.cdiscount.com/corner/op/operation/operation-plein-air/piscines-et-spa/l-14121080932.html,2,https://www.cdiscount.com/pdt2/5/0/4/1/400x400/bes6927088816504/rw/kit-tout-inclus-bestway-spa-gonflable-rond-4-pla.jpg,"KIT TOUT INCLUS BESTWAY : spa gonflable rond 4 places et accessoires : 2 appuis têtes, filtre, épuisette, brosse, gant et couverture","KIT TOUT INCLUS BESTWAY : spa gonflable rond 4 places et accessoires : 2 appuis têtes, filtre, épuisette, brosse, gant et couverture","299,99 €","359,00 €",,4.5,278,Livraison gratuite1 Livré par Cdiscount Les imbat,"Bon plan Sponsorisé? KIT TOUT INCLUS BESTWAY : spa gonflable rond 4 places et accessoires : 2 appuis têtes, filtre, épuisette, brosse, gant et couverture 4,5 / 5 278 avis Composition du lot : 1 spa, 1 bâche isolante, 1 pompe de spa, cartouche de filtration (VI), 1 diffuseur ChemConnect, 1 patch de réparation Nombre et type de jets : 120 jets d'air AirJet Entretien de l'eau : Produit d'entretien Dimensions : 175 x 66 cm Cdiscount à volonté Livraison gratuite1 Livré par Cdiscount Les imbattables Prix de comparaison 359,00 € 299,99 € Ajouter",669.0,332.0,https://www.cdiscount.com/jardin/sauna/kit-tout-inclus-bestway-spa-gonflable-rond-4-pla/f-1630401-bes6927088816504.html?idOffre=4271605886&sw=2176a09e38a4770ef97846c149063d4f2127fe1c63ecd9d362f06a680966daed9b8a3a96f0af31f5cf04383ac4ca2e683b3c4d0d3ec819ebc54441d89274295aaa2eacc54ee5ed825d8e04743fa34ace4a88f6275f96efa9f819727ef0b387918e0d960ff9577e7ca1581e43e9fe3de1d4ea3360bb242942003f141b8bc40fcdae596465061ae22fadd394b4d33edb03#mpos=2|cd,https://www.cdiscount.com/b-431533-piscines-et-spa.html
3,1,piscine et spa,https://www.cdiscount.com/corner/op/operation/operation-plein-air/piscines-et-spa/l-14121080932.html,3,https://www.cdiscount.com/pdt2/5/9/7/1/400x400/auc3700684100597/rw/kit-tout-inclus-sunspa-spa-gonflable-carre-6-plac.jpg,"KIT TOUT INCLUS SUNSPA: spa gonflable carré 6 places et accessoires : 4 appuis têtes, filtre, épuisette, brosse, tapis, couverture","KIT TOUT INCLUS SUNSPA: spa gonflable carré 6 places et accessoires : 4 appuis têtes, filtre, épuisette, brosse, tapis, couverture","339,99 €","655,95 €",,3.9,245,Livraison gratuite1 Livré par Cdiscount Les imbat,"Bon plan KIT TOUT INCLUS SUNSPA: spa gonflable carré 6 places et accessoires : 4 appuis têtes, filtre, épuisette, brosse, tapis, couverture 3,9 / 5 245 avis Composition du lot : Spa gonflable, filtre, tuyau de gonflage, tapis de sol, couverture à clips, épuisette, brosse, 4 reposes têtes Nombre et type de jets : 130 micro jets Dimensions : 185 x 185 cm Cdiscount à volonté Livraison gratuite1 Livré par Cdiscount Les imbattables Prix de comparaison 655,95 € 339,99 € Ajouter",939.296875,332.0,https://www.cdiscount.com/jardin/spa/kit-tout-inclus-sunspa-spa-gonflable-carre-6-plac/f-1633001-auc3700684100597.html#mpos=3|cd,https://www.cdiscount.com/b-431533-piscines-et-spa.html
4,1,piscine et spa,https://www.cdiscount.com/corner/op/operation/operation-plein-air/piscines-et-spa/l-14121080932.html,4,https://www.cdiscount.com/pdt2/4/g/n/1/400x400/int26364gn/rw/kit-piscine-hors-sol-tubulaire-intex-ultra-xtr.jpg,Kit Piscine hors sol tubulaire INTEX - Ultra XTR - 732 x 366 x 132 cm - Rectangulaire (Filtre à sable + accessoires) - 26364GN,Kit Piscine hors sol tubulaire INTEX - Ultra XTR - 732 x 366 x 132 cm - Rectangulaire (Filtre à sable + accessoires) - 26364GN,"969,00 €",,,4.6,19,Livré par Cdiscount Moins cher qu'Amazon,"Meilleur prix Sponsorisé? Kit Piscine hors sol tubulaire INTEX - Ultra XTR - 732 x 366 x 132 cm - Rectangulaire (Filtre à sable + accessoires) - 26364GN 4,6 / 5 19 avis Composition du lot : Filtre à sable, tapis de sol, bâche, lot de 2 vannes d'arrêt, échelle de sécurité Dimensions : 732 x 366 x 132 cm Hauteur de la ligne d'eau : 1,14 m Volume d'eau : 31,8 m3 Livré par Cdiscount Moins cher qu'Amazon.fr ? 969,00 € Ajouter",1189.59375,332.0,https://www.cdiscount.com/jardin/piscine/kit-piscine-hors-sol-tubulaire-intex-ultra-xtr/f-1631801-int26364gn.html?idOffre=322630028&sw=2176a09e38a4770ef97846c149063d4f2127fe1c63ecd9d362f06a680966daed726e0cf18f67d674aad1c5976bab7732766385e41abbb4104f5a7d994b082ca02ca3b4aaf9b13cd3dafa1eb6449824fe7b05d51ff553041474e837f23d56dc494f0b4265b5102a606d774ac521315782ef00959575f6d8d7f6416ecb46c084b97000d8adb1b418c79e6ac46018c90cb7#mpos=4|cd,https://www.cdiscount.com/b-431533-piscines-et-spa.html
5,1,piscine et spa,https://www.cdiscount.com/corner/op/operation/operation-plein-air/piscines-et-spa/l-14121080932.html,5,https://www.cdiscount.com/pdt2/8/7/9/1/400x400/aaaqn67879/rw/robot-de-piscine-sans-fil.jpg,Robot de Piscine Sans Fil Wybot C2 - Double Filtration Ultra-Fine - Batterie grande autonomie - Application Smartphone,Robot de Piscine Sans Fil Wybot C2 - Double Filtration Ultra-Fine - Batterie grande autonomie - Application Smartphone,"569,00 €",,,4.5,26,"Livraison gratuite1 Livré par Cdiscount 569,00 €","Sponsorisé? Robot de Piscine Sans Fil Wybot C2 - Double Filtration Ultra-Fine - Batterie grande autonomie - Application Smartphone 4,5 / 5 26 avis Surface nettoyée : Escalier, Fond, Fond et paroi, Ligne d'eau, Paroi Dimensions : 36 x 36 x 24 cm Type d'alimentation : Batterie Cdiscount à volonté Livraison gratuite1 Livré par Cdiscount 569,00 € Ajouter",1454.59375,332.0,https://www.cdiscount.com/jardin/piscine/robot-de-piscine-sans-fil/f-163180201-aaaqn67879.html?idOffre=4216843352&sw=2176a09e38a4770ef97846c149063d4f9b2d8c30b0f6cc77e47586da4daaf58df1f10146ece5ef691cd6c129c174c7945d6ca3b1d25281a48aaf65431eae43954246dd87c56018b1a8a70dbb40213fddb048665ace2d4238b7bf9df96337369aab358fab9ee38b9e826b8b50eb6bf87aee39b7a079dc6d5d207c0b0febd92aeea658576895412082419d628e6ca1932f#mpos=5|mp,https://www.cdiscount.com/b-431533-piscines-et-spa.html
6,1,piscine et spa,https://www.cdiscount.com/corner/op/operation/operation-plein-air/piscines-et-spa/l-14121080932.html,6,https://www.cdiscount.com/pdt2/8/n/p/1/400x400/int26798np/rw/kit-piscine-hors-sol-tubulaire-intex-pris-frame.jpg,"Kit Piscine hors sol tubulaire INTEX - Pris Frame - 610 x 305 x 122 cm - Ovale (Pompe, bâche, tapis de sol et échelle) - 26798NP","Kit Piscine hors sol tubulaire INTEX - Pris Frame - 610 x 305 x 122 cm - Ovale (Pompe, bâche, tapis de sol et échelle) - 26798NP","639,00 €",,,4.8,41,"Livré par Cdiscount 639,00 € Ajouter","Sponsorisé? Kit Piscine hors sol tubulaire INTEX - Pris Frame - 610 x 305 x 122 cm - Ovale (Pompe, bâche, tapis de sol et échelle) - 26798NP 4,8 / 5 41 avis Composition du lot : Piscine, épurateur à cartouche 4,4m³/h, cartouche de filtration inclus, bâche et tapis de sol, échelle de sécurité avec marches amovibles Dimensions : (L)6,10 x (l)3,05 x (h)1,22m Volume d'eau : 18,2 m3 Type d'alimentation : Electrique Livré par Cdiscount 639,00 € Ajouter",1704.890625,332.0,https://www.cdiscount.com/jardin/piscine/kit-piscine-hors-sol-tubulaire-intex-pris-frame/f-1631801-int26798np.html?idOffre=301960856&sw=2176a09e38a4770ef97846c149063d4f2127fe1c63ecd9d362f06a680966daed726e0cf18f67d674aad1c5976bab7732da73ed3a694d4943d914c5331308661eaa8ba4be6b7d6911149e5ac4d0592ff91f24cae1b09589f9d638bf2c335141d7a459810fb037d90020695a16264aa301f186bc3e302f4505cba6ea99959c07dacb17f5c76c5ae760ecefd81e982ec632#mpos=6|cd,https://www.cdiscount.com/b-431533-piscines-et-spa.html
7,1,piscine et spa,https://www.cdiscount.com/corner/op/operation/operation-plein-air/piscines-et-spa/l-14121080932.html,7,https://www.cdiscount.com/pdt2/2/4/4/1/400x400/bes6942138982244/rw/kit-piscine-hors-sol-tubulaire-bestway-steel-pro-m.jpg,"Kit Piscine hors sol tubulaire BESTWAY Steel Pro Max - 366 x 122 cm - Ronde (Livrée avec un filtre à cartouche, échelle, bâche)","Kit Piscine hors sol tubulaire BESTWAY Steel Pro Max - 366 x 122 cm - Ronde (Livrée avec un filtre à cartouche, échelle, bâche)","319,99 €",,,4.1,84,"Livrée avec un filtre à cartouche, échelle, b","Sponsorisé? Kit Piscine hors sol tubulaire BESTWAY Steel Pro Max - 366 x 122 cm - Ronde (Livrée avec un filtre à cartouche, échelle, bâche) 4,1 / 5 84 avis Entretien de l'eau : Chlore, Clarifiant piscine, Sel Dimensions : 366x366x122 cm Hauteur de la ligne d'eau : 110 cm Volume d'eau : 10,2 m3 Livré par Cdiscount 319,99 € Ajouter",1953.890625,332.0,https://www.cdiscount.com/jardin/piscine/kit-piscine-hors-sol-tubulaire-bestway-steel-pro-m/f-1631801-bes6942138982244.html?idOffre=660545633&sw=2176a09e38a4770ef97846c149063d4f2127fe1c63ecd9d362f06a680966daedc47f43548a5d90f5c35a7cd6bd616e92b160224e5c2c411087ae5ef48b32138275fa46dfa6bde9ef7b3ad1946c55c304a9e9dcfecc2282dbffbca674aa147186d00d08d9a9bcf11f32b20c73891f44068ee9040aa0e3fab961e2c8bbc6ec990e035cbf63b8b95d097a34369e8e6bd21a#mpos=7|cd,https://www.cdiscount.com/b-431533-piscines-et-spa.html
8,1,piscine et spa,https://www.cdiscount.com/corner/op/operation/operation-plein-air/piscines-et-spa/l-14121080932.html,8,https://www.cdiscount.com/pdt2/9/6/8/1/400x400/aaahz92968/rw/robot-piscine-sans.jpg,"AIRROBO PC10 Robot de Piscine sans Fil,des Parois et de la Ligne d' Eau,120Min & 170m² d'Autonomie,Forte Puissance d’Aspiration","AIRROBO PC10 Robot de Piscine sans Fil,des Parois et de la Ligne d' Eau,120Min & 170m² d'Autonomie,Forte Puissance d’Aspiration","359,00 €",20 €,,4.4,30,Livraison gratuite1 Partagez votre avis et gagnez,"Bon plan Sponsorisé? AIRROBO PC10 Robot de Piscine sans Fil,des Parois et de la Ligne d' Eau,120Min & 170m² d'Autonomie,Forte Puissance d’Aspiration 4,4 / 5 30 avis Livraison gratuite1 Partagez votre avis et gagnez 20€ 359,00 € Ajouter",2202.890625,332.0,https://www.cdiscount.com/jardin/piscine/robot-piscine-sans/f-163180201-aaahz92968.html?idOffre=4207862115&sw=2176a09e38a4770ef97846c149063d4f3444c06a53bc137d7b68ffd1dd4f0e7a206680623f43bc2317ed6e1d5fc5f1b53fe12fd6c0dce036816af3fb24b90e5cf92539b8bafe4858a618e16a2da5d5891e8073e40de7ea57acb8d377c18e94747690211fb798c4a39f3caaedd79233a9e3f52169ed9240c36838059a43f19f9ca7a1015593e24c8360b73856db82a143#mpos=8|mp,https://www.cdiscount.com/b-431533-piscines-et-spa.html
9,1,piscine et spa,https://www.cdiscount.com/corner/op/operation/operation-plein-air/piscines-et-spa/l-14121080932.html,9,https://www.cdiscount.com/pdt2/6/g/n/1/400x400/int26356gn/rw/intex-26356gn-kit-piscine-ultra-xtr-rectangula.jpg,"Intex - 26356GN - Kit piscine ultra xtr rectangulaire tubulaire 5,49 x 2,74 x 1,32m","Intex - 26356GN - Kit piscine ultra xtr rectangulaire tubulaire 5,49 x 2,74 x 1,32m","707,87 €",,,4.7,41,"Livré par Cdiscount 707,87 € Ajouter","Intex - 26356GN - Kit piscine ultra xtr rectangulaire tubulaire 5,49 x 2,74 x 1,32m 4,7 / 5 41 avis Composition du lot : Filtre à sable, tapis de sol, bâche, lot de 2 vannes d'arrêt, échelle de sécurité Dimensions : 549 x 274 x 132 cm Hauteur de la ligne d'eau : 1,14 m Volume d'eau : 17,2 m3 Livré par Cdiscount 707,87 € Ajouter",2451.890625,332.0,https://www.cdiscount.com/jardin/piscine/intex-26356gn-kit-piscine-ultra-xtr-rectangula/f-1631801-int26356gn.html#mpos=9|cd,https://www.cdiscount.com/b-431533-piscines-et-spa.html
10,1,piscine et spa,https://www.cdiscount.com/corner/op/operation/operation-plein-air/piscines-et-spa/l-14121080932.html,10,https://www.cdiscount.com/pdt2/1/2/3/1/400x400/bes6941607393123/rw/robot-aspirateur-bestway-quartz-rechargeable.jpg,Robot aspirateur - Bestway - Quartz - Rechargeable et autonome - nettoyage fond plat - 10 m² max,Robot aspirateur - Bestway - Quartz - Rechargeable et autonome - nettoyage fond plat - 10 m² max,"69,99 €","89,00 €",,4.6,45,Livraison gratuite1 Livré par Cdiscount Les imbat,"Bon plan Sponsorisé? Robot aspirateur - Bestway - Quartz - Rechargeable et autonome - nettoyage fond plat - 10 m² max 4,6 / 5 45 avis Surface nettoyée : Fond Type d'alimentation : Batterie Cdiscount à volonté Livraison gratuite1 Livré par Cdiscount Les imbattables Prix de comparaison 89,00 € 69,99 € Ajouter",2699.890625,332.0,https://www.cdiscount.com/jardin/piscine/robot-aspirateur-bestway-quartz-rechargeable/f-163180201-bes6941607393123.html?idOffre=4184608394&sw=2176a09e38a4770ef97846c149063d4f2127fe1c63ecd9d362f06a680966daedcffa4c739498fa203a8451d001e56764cd948b6c29c6ff057daeda890957c21b5ce626ea52394c05896cc78348dfb375a5cbe07203da7fbd407f44db9491cfe8adde68f0441fbd8077acc9461662856022ccdad2c30ebab835492640e862e20f46414ce6ad6047dde33a431c6957dd74#mpos=10|cd,https://www.cdiscount.com/b-431533-piscines-et-spa.html
11,1,piscine et spa,https://www.cdiscount.com/corner/op/operation/operation-plein-air/piscines-et-spa/l-14121080932.html,11,https://www.cdiscount.com/pdt2/1/1/0/1/400x400/bes6941607366110/rw/kit-piscine-hors-sol-tubulaire-bestway-steel-pro.jpg,"Kit Piscine hors sol tubulaire BESTWAY - Steel Pro Max™ - 404 x 201 x 100 cm - Rectangulaire (Filtre à cartouche, échelle)","Kit Piscine hors sol tubulaire BESTWAY - Steel Pro Max™ - 404 x 201 x 100 cm - Rectangulaire (Filtre à cartouche, échelle)","309,00 €",,,,,"Livré par Cdiscount 309,00 € Ajouter","Sponsorisé? Kit Piscine hors sol tubulaire BESTWAY - Steel Pro Max™ - 404 x 201 x 100 cm - Rectangulaire (Filtre à cartouche, échelle) Composition du lot : 1 piscine, 1 pompe de filtration (compatible avec cartouche de type II), 1 diffuseur ChemConnect™, 1 échelle de sécurité Entretien de l'eau : Chlore, Sel Dimensions : 404x 201 x 100cm Hauteur de la ligne d'eau : 90 cm Livré par Cdiscount 309,00 € Ajouter",2948.890625,332.0,https://www.cdiscount.com/jardin/piscine/kit-piscine-hors-sol-tubulaire-bestway-steel-pro/f-1631801-bes6941607366110.html?idOffre=4172189211&sw=2176a09e38a4770ef97846c149063d4f2127fe1c63ecd9d362f06a680966daedc47f43548a5d90f5c35a7cd6bd616e92b160224e5c2c411087ae5ef48b32138275fa46dfa6bde9ef7b3ad1946c55c3045d47c6c717001589b2102937b1c9c5775d9c6982e1b478de4de9c174fde6baddf9dbcc80783e0a0a816386b5f052f90b3f65ef59b2c355a16f3934340ac1a248#mpos=11|cd,https://www.cdiscount.com/b-431533-piscines-et-spa.html
12,1,piscine et spa,https://www.cdiscount.com/corner/op/operation/operation-plein-air/piscines-et-spa/l-14121080932.html,12,https://www.cdiscount.com/pdt2/0/6/7/1/400x400/aabzw84067/rw/airrobo-pc20-robot-de-piscine.jpg,"Robot Piscine AIRROBO CP40,Nettoyage Fond et Paroi, Autonomie 120min (170m²), Application, Grand Panier 4L","Robot Piscine AIRROBO CP40,Nettoyage Fond et Paroi, Autonomie 120min (170m²), Application, Grand Panier 4L","419,00 €",20 €,,4.9,7,Livraison gratuite1 Livré par Cdiscount Les imbat,"Bon plan Sponsorisé? Robot Piscine AIRROBO CP40,Nettoyage Fond et Paroi, Autonomie 120min (170m²), Application, Grand Panier 4L 4,9 / 5 7 avis Surface nettoyée : Fond, Fond et paroi, Ligne d'eau, Paroi Dimensions : Taille : 54.5×46.3×29.8 cm Cdiscount à volonté Livraison gratuite1 Livré par Cdiscount Les imbattables Partagez votre avis et gagnez 20€ Prix de comparaison 599,00 € 419,00 € Ajouter",3197.890625,332.0,https://www.cdiscount.com/jardin/piscine/airrobo-pc20-robot-de-piscine/f-163180201-aabzw84067.html?idOffre=4284199567&sw=2176a09e38a4770ef97846c149063d4f2127fe1c63ecd9d362f06a680966daed038cff417b590f89648d536d3e3e2a9d1ed736e90c7693a94dec06e488ed039b24eacbac18df49f96fa4d8f182595dc2ebc6213123543b5be8af89d3e30a4615e85032cfb8b9a0f1a5492b3e0e1d4c47806dac0a4a213c1eefa3dbbbf63a0bfb077b84d48bf00dc8e1e80135f8d5b732#mpos=12|mp,https://www.cdiscount.com/b-431533-piscines-et-spa.html
13,1,piscine et spa,https://www.cdiscount.com/corner/op/operation/operation-plein-air/piscines-et-spa/l-14121080932.html,13,https://www.cdiscount.com/pdt2/3/2/0/1/400x400/bes6941607361320/rw/filtre-a-sable-pompe-de-filtration-pour-piscine.jpg,Filtre à sable / pompe de filtration pour piscine jusqu'à 42 m3- Bestway - 6 056 L/h - Avec préfiltre,Filtre à sable / pompe de filtration pour piscine jusqu'à 42 m3- Bestway - 6 056 L/h - Avec préfiltre,"179,00 €","179,00 €",,4.5,72,Livraison gratuite1 Livré par Cdiscount Moins che,"Meilleur prix Filtre à sable / pompe de filtration pour piscine jusqu'à 42 m3- Bestway - 6 056 L/h - Avec préfiltre 4,5 / 5 72 avis Composition du lot : Cuve à sable + pompe de filtration intégrée + vanne 6 voies + tuyaux de raccordement Ø 38 mm + adaptateurs + manuel d’utilisation. Sable non inclus. Dimensions : 50 × 50 × 70 cm Cdiscount à volonté Livraison gratuite1 Livré par Cdiscount Moins cher qu'Amazon.fr ? 129,99 € Ajouter",3446.890625,332.0,https://www.cdiscount.com/jardin/piscine/filtre-a-sable-pompe-de-filtration-pour-piscine/f-163180302-bes6941607361320.html#mpos=13|cd,https://www.cdiscount.com/b-431533-piscines-et-spa.html
14,1,piscine et spa,https://www.cdiscount.com/corner/op/operation/operation-plein-air/piscines-et-spa/l-14121080932.html,14,https://www.cdiscount.com/pdt2/b/0/5/1/400x400/bunintpisrob05/rw/kit-piscine-hors-sol-tubulaire-intex-ultra-xtr.jpg,Kit Piscine hors sol tubulaire INTEX - Ultra XTR - 732 x 366 x 132 cm - Rectangulaire (Filtre à sable) + Robot aspirateur Intex,Kit Piscine hors sol tubulaire INTEX - Ultra XTR - 732 x 366 x 132 cm - Rectangulaire (Filtre à sable) + Robot aspirateur Intex,"1118,00 €",,,,,"Livré par Cdiscount 1118,00 € Ajouter","Kit Piscine hors sol tubulaire INTEX - Ultra XTR - 732 x 366 x 132 cm - Rectangulaire (Filtre à sable) + Robot aspirateur Intex Composition du lot : 1 Piscine, 1 robot aspirateur, 1 filtre à sable, 1 bâche, 1 tapis de sol, 1 échelle Dimensions : 732 x 366 x 132 cm Hauteur de la ligne d'eau : 114 cm Volume d'eau : 31,8 m3 Livré par Cdiscount 1118,00 € Ajouter",3694.890625,332.0,https://www.cdiscount.com/jardin/piscine/kit-piscine-hors-sol-tubulaire-intex-ultra-xtr/f-1631801-bunintpisrob05.html#mpos=14|cd,https://www.cdiscount.com/b-431533-piscines-et-spa.html
15,1,piscine et spa,https://www.cdiscount.com/corner/op/operation/operation-plein-air/piscines-et-spa/l-14121080932.html,15,https://www.cdiscount.com/pdt2/8/7/6/1/400x400/aacpo17876/rw/mspa---spa-rigide-connect.jpg,MSPA - Spa rigide connecté carré 180cm OSLO AERO PLUS - 6 places + lot de 8 filtres,MSPA - Spa rigide connecté carré 180cm OSLO AERO PLUS - 6 places + lot de 8 filtres,"2199,00 €",,,,,"Livraison gratuite1 2199,00 € Ajouter","Sponsorisé? MSPA - Spa rigide connecté carré 180cm OSLO AERO PLUS - 6 places + lot de 8 filtres Composition du lot : 8 cartouches de filtration, couvercle gonflable, adaptateur tuyau d'arrosage, produit d'entretien, tapis pliant, ruban LED et télécommande Nombre et type de jets : 140 jets d'air et 8 jets d'eau Dimensions : L 180 x l 180 x H 65cm Hauteur de la ligne d'eau : 42 Livraison gratuite1 2199,00 € Ajouter",3942.890625,332.0,https://www.cdiscount.com/jardin/spa/mspa---spa-rigide-connect/f-1633001-aacpo17876.html?idOffre=4301626010&sw=2176a09e38a4770ef97846c149063d4f9b2d8c30b0f6cc77e47586da4daaf58d7d267739cac6fbc28b853d680aa2dacfc8a2f3c37f2ed6fc94d9b3befc6e5e1929ecd169829604ba40a43baa64f66117cd53033e99da4b81525e184144d5e93c02d1c44bbe7ee5a7342d90fddcecc45342525705a95971f4d706afe8b63d87221647f5d203fc733eafdb4982522e2426#mpos=15|mp,https://www.cdiscount.com/b-431533-piscines-et-spa.html
16,1,piscine et spa,https://www.cdiscount.com/corner/op/operation/operation-plein-air/piscines-et-spa/l-14121080932.html,16,https://www.cdiscount.com/pdt2/0/6/0/1/400x400/aaanh00060/rw/wybot-a1--robot-de-piscine.jpg,Robot de piscine sans fil - WYBOT - A1 - Autonomie 120 min - Nettoyage automatique - Double filtration,Robot de piscine sans fil - WYBOT - A1 - Autonomie 120 min - Nettoyage automatique - Double filtration,"199,00 €",,,4.3,52,"Livraison gratuite1 Livré par Cdiscount 199,00 €","Sponsorisé? Robot de piscine sans fil - WYBOT - A1 - Autonomie 120 min - Nettoyage automatique - Double filtration 4,3 / 5 52 avis Composition du lot : Robot de piscine Wybot A1, Crochet de récupération, Chargeur, Grille de filtration, Mousse de filtration Surface nettoyée : Fond Type d'alimentation : Batterie Cdiscount à volonté Livraison gratuite1 Livré par Cdiscount 199,00 € Ajouter",4191.890625,332.0,https://www.cdiscount.com/jardin/piscine/wybot-a1--robot-de-piscine/f-163180201-aaanh00060.html?idOffre=4191663999&sw=2176a09e38a4770ef97846c149063d4f9b2d8c30b0f6cc77e47586da4daaf58df1f10146ece5ef691cd6c129c174c7944c13af26a848b19867c0995b6c94ab3d04df7faeea982e42b2abf222f7eecacd4e1e7b8b2c5f595c4ae9f3fade11551535e63aeea45648407f802ea2d241970d0afc9c4c7dcbd7e11c8feca37506a05729204338d19c1f1da51420b82c1255ab#mpos=16|mp,https://www.cdiscount.com/b-431533-piscines-et-spa.html
17,1,piscine et spa,https://www.cdiscount.com/corner/op/operation/operation-plein-air/piscines-et-spa/l-14121080932.html,17,https://www.cdiscount.com/pdt2/3/3/4/1/400x400/aackg75334/rw/airrobo-cp02-lite-robot-de.jpg,"Robot Piscine sans Fil AIRROBO CP02 Nettoyage du Fond, Hors-Sol jusqu'à 80m², Autonomie 120 min, Double Filtre 250 microns, IP68","Robot Piscine sans Fil AIRROBO CP02 Nettoyage du Fond, Hors-Sol jusqu'à 80m², Autonomie 120 min, Double Filtre 250 microns, IP68","149,99 €","299,99 €",,2,3,Livraison gratuite1 Livré par Cdiscount Prix de c,"Sponsorisé? Robot Piscine sans Fil AIRROBO CP02 Nettoyage du Fond, Hors-Sol jusqu'à 80m², Autonomie 120 min, Double Filtre 250 microns, IP68 2 / 5 3 avis Surface nettoyée : Fond Type d'alimentation : Batterie Cdiscount à volonté Livraison gratuite1 Livré par Cdiscount Prix de comparaison 299,99 € 149,99 € Ajouter",4442.1875,332.0,https://www.cdiscount.com/jardin/piscine/airrobo-cp02-lite-robot-de/f-163180201-aackg75334.html?idOffre=4294199171&sw=2176a09e38a4770ef97846c149063d4f2127fe1c63ecd9d362f06a680966daedff72930a51b016c9ca197dd553ccd211cd09b11eb2017cc7af327de408d46d55ca1f94b59cc1e8115a0889bcb0da69db2c8bf74ece2cc29d65cdadd3333c24ce6b637eee47e1dcf1e787e0adc68124b37320bbbc36bf152dc53ef895de7a835af39cc173372d492fce8bf6b195d0cfa5#mpos=17|mp,https://www.cdiscount.com/b-431533-piscines-et-spa.html
18,1,piscine et spa,https://www.cdiscount.com/corner/op/operation/operation-plein-air/piscines-et-spa/l-14121080932.html,18,https://www.cdiscount.com/pdt2/8/0/0/1/400x400/auc4250525304800/rw/pompe-filtre-a-sable-10-200l-h-400w-2en1-raccord-3.jpg,"Pompe filtre à sable 10,2m³ auto-amorçante piscines 35m³ certifié TÜV vanne 7 voies raccord Ø32-38mm système de filtration à sable","Pompe filtre à sable 10,2m³ auto-amorçante piscines 35m³ certifié TÜV vanne 7 voies raccord Ø32-38mm système de filtration à sable","149,99 €",,,4.3,295,"Livraison gratuite1 Livré par Cdiscount 149,99 €","Sponsorisé? Pompe filtre à sable 10,2m³ auto-amorçante piscines 35m³ certifié TÜV vanne 7 voies raccord Ø32-38mm système de filtration à sable 4,3 / 5 295 avis Dimensions : 190 cm de longueur Type d'alimentation : Electrique Cdiscount à volonté Livraison gratuite1 Livré par Cdiscount 149,99 € Ajouter",4691.1875,332.0,https://www.cdiscount.com/jardin/piscine/pompe-filtre-a-sable-10-200l-h-400w-2en1-raccord-3/f-163180302-auc4250525304800.html?idOffre=93113649&sw=2176a09e38a4770ef97846c149063d4f2127fe1c63ecd9d362f06a680966daed087cb8fe326d15b9bdd60e93d3513f1502fb7d52e188e80fda233be215705fed9c6e2fae2e55cb4658e3be2b8628c8c185c1f00a5baf864555a5c5d4fa83fdb34fb3bcab7012c273ac72aa8995958d9ecf1e7313e9c542c44ae35a0eba0b80eadf9e18e89947b6c8e2cf7dea5d478670#mpos=18|mp,https://www.cdiscount.com/b-431533-piscines-et-spa.html
19,1,piscine et spa,https://www.cdiscount.com/corner/op/operation/operation-plein-air/piscines-et-spa/l-14121080932.html,19,https://www.cdiscount.com/pdt2/b/0/3/1/400x400/bunbespiscrob03/rw/kit-piscine-hors-sol-tubulaire-bestway-steel-pro.jpg,Kit Piscine hors sol tubulaire BESTWAY - Steel Pro MAX™ - 427 x 250 x 100 cm - Ovale + Robot piscine Quartz,Kit Piscine hors sol tubulaire BESTWAY - Steel Pro MAX™ - 427 x 250 x 100 cm - Ovale + Robot piscine Quartz,"399,99 €","518,00 €",,4.3,112,"Livré par Cdiscount Prix de comparaison 518,0","Kit Piscine hors sol tubulaire BESTWAY - Steel Pro MAX™ - 427 x 250 x 100 cm - Ovale + Robot piscine Quartz 4,3 / 5 112 avis Composition du lot : 1 piscine, 1 robot piscine Dimensions : 427 x 250 x 100 cm Livré par Cdiscount Prix de comparaison 518,00 € 399,99 € Ajouter",4940.1875,332.0,https://www.cdiscount.com/jardin/piscine/kit-piscine-hors-sol-tubulaire-bestway-steel-pro/f-1631801-bunbespiscrob03.html#mpos=19|cd,https://www.cdiscount.com/b-431533-piscines-et-spa.html
20,1,piscine et spa,https://www.cdiscount.com/corner/op/operation/operation-plein-air/piscines-et-spa/l-14121080932.html,20,https://www.cdiscount.com/pdt2/0/3/9/1/400x400/aabhj30039/rw/spino-e1-robot-piscine-sans-fil-nettoie-fond-paro.jpg,"Spino E1 Robot Piscine Sans Fil, Nettoie Fond Parois et Ligne d'Eau, avec App, Trajet SmartArc, 210 Min & 150m² d'Autonomie","Spino E1 Robot Piscine Sans Fil, Nettoie Fond Parois et Ligne d'Eau, avec App, Trajet SmartArc, 210 Min & 150m² d'Autonomie","499,00 €",20 €,,5,2,Livraison gratuite1 Livré par Cdiscount Partagez,"Bon plan Sponsorisé? Spino E1 Robot Piscine Sans Fil, Nettoie Fond Parois et Ligne d'Eau, avec App, Trajet SmartArc, 210 Min & 150m² d'Autonomie 5 / 5 2 avis Composition du lot : SPINO E1, Chargeur, Panier, Crochet de récupération Surface nettoyée : Fond et paroi Type d'alimentation : Batterie Cdiscount à volonté Livraison gratuite1 Livré par Cdiscount Partagez votre avis et gagnez 20€ Prix de comparaison 799,00 € 499,00 € Ajouter",5188.1875,332.0,https://www.cdiscount.com/jardin/piscine/spino-e1-robot-piscine-sans-fil-nettoie-fond-paro/f-163180201-aabhj30039.html?idOffre=4258274714&sw=2176a09e38a4770ef97846c149063d4f2127fe1c63ecd9d362f06a680966daed72b79a502c31764c5ed443c9ed691c7b3bbe9583aaa7d341e556dbafd8d4887f15b2f8e6eb81fd3d4595796edb0d1364ab35c7b4d4622bd4f337971913416905ec7260b9720b30e93bbdd8cbfb9468699bd4845c5fb14b83152bfc9f8275ed724116024bc7963ccf1a9874cd6ad9651d#mpos=20|mp,https://www.cdiscount.com/b-431533-piscines-et-spa.html
21,1,piscine et spa,https://www.cdiscount.com/corner/op/operation/operation-plein-air/piscines-et-spa/l-14121080932.html,21,https://www.cdiscount.com/pdt2/3/5/9/1/400x400/bes1736357321359/rw/spa-semi-rigide-bestway-lay-z-spa-toronto-smart-ai.jpg,Spa semi-rigide Bestway Lay-Z-Spa TORONTO Smart Airjet 7 places,Spa semi-rigide Bestway Lay-Z-Spa TORONTO Smart Airjet 7 places,"749,00 €",,,,,"Livraison gratuite1 749,00 € Ajouter","Sponsorisé? Spa semi-rigide Bestway Lay-Z-Spa TORONTO Smart Airjet 7 places Composition du lot : 1 liner, 1 couverture, 1 pompe, 5 coussins, 1 diffuseur ChemConnect®, cartouche de filtration (VI), patch de réparation Nombre et type de jets : 180 jets d'air Dimensions : 1,90 m x 70 cm Livraison gratuite1 749,00 € Ajouter",5438.484375,332.0,https://www.cdiscount.com/jardin/spa/spa-semi-rigide-bestway-lay-z-spa-toronto-smart-ai/f-1633001-bes1736357321359.html?idOffre=4298758516&sw=2176a09e38a4770ef97846c149063d4f2127fe1c63ecd9d362f06a680966daed0c6f9edbd78b49e358d0e75c26dae9da93246a76082ac9cb6fc2681efef18072c4e804ea48a2d99a7b9c07497d1f9fc216d3c88b3319b02a233bcf4bc8f688739af8e79445dd3d8c1bb6f864d36f131b10e5b093e3a6de78f7b93b29025dcac1267152a47c81504345d57fff523dc4e4#mpos=21|mp,https://www.cdiscount.com/b-431533-piscines-et-spa.html
22,1,piscine et spa,https://www.cdiscount.com/corner/op/operation/operation-plein-air/piscines-et-spa/l-14121080932.html,22,https://www.cdiscount.com/pdt2/4/3/1/1/400x400/bes6941607366431/rw/kit-piscine-hors-sol-tubulaire-bestway-steel-pro.jpg,"Kit Piscine hors sol tubulaire BESTWAY - Steel Pro MAX™ - 427 x 250 x 100 cm - Ovale (Avec filtre à cartouche, cartouche et échelle)","Kit Piscine hors sol tubulaire BESTWAY - Steel Pro MAX™ - 427 x 250 x 100 cm - Ovale (Avec filtre à cartouche, cartouche et échelle)","387,38 €",,,4.3,112,Livré par Cdiscount Moins cher qu'Amazon,"Meilleur prix Kit Piscine hors sol tubulaire BESTWAY - Steel Pro MAX™ - 427 x 250 x 100 cm - Ovale (Avec filtre à cartouche, cartouche et échelle) 4,3 / 5 112 avis Composition du lot : 1 piscine, 1 pompe de filtration (compatible avec les cartouches de type II), une échelle, patch de réparation Entretien de l'eau : Chlore, Sel Dimensions : 427 x 250 x 100 cm Hauteur de la ligne d'eau : 80 cm Livré par Cdiscount Moins cher qu'Amazon.fr ? 387,38 € Ajouter",5687.484375,332.0,https://www.cdiscount.com/jardin/piscine/kit-piscine-hors-sol-tubulaire-bestway-steel-pro/f-1631801-bes6941607366431.html#mpos=22|cd,https://www.cdiscount.com/b-431533-piscines-et-spa.html
23,1,piscine et spa,https://www.cdiscount.com/corner/op/operation/operation-plein-air/piscines-et-spa/l-14121080932.html,23,https://www.cdiscount.com/pdt2/6/5/6/1/400x400/bes6941607365656/rw/kit-piscine-hors-sol-tubulaire-bestway-apx-365.jpg,"Kit Piscine hors sol tubulaire BESTWAY - APX 365 - 549 x 274 x 132 cm - Rectangulaire (Filtre à sable, 250g polysphère, échelle, bâc","Kit Piscine hors sol tubulaire BESTWAY - APX 365 - 549 x 274 x 132 cm - Rectangulaire (Filtre à sable, 250g polysphère, échelle, bâc","744,00 €",,,4.5,6,Livré par Cdiscount Moins cher qu'Amazon,"Meilleur prix Kit Piscine hors sol tubulaire BESTWAY - APX 365 - 549 x 274 x 132 cm - Rectangulaire (Filtre à sable, 250g polysphère, échelle, bâc 4,5 / 5 6 avis Composition du lot : 1 piscine, 1 pompe de filtration à sable, 250 g de boules de filtration Polysphere, 1 échelle de piscine, 1 bâche de piscine, 1 patch de réparation Entretien de l'eau : Chlore, Sel Dimensions : 549 x 274 x 132 cm Hauteur de la ligne d'eau : 105 cm Livré par Cdiscount Moins cher qu'Amazon.fr ? 744,00 € Ajouter",5935.484375,332.0,https://www.cdiscount.com/jardin/piscine/kit-piscine-hors-sol-tubulaire-bestway-apx-365/f-1631801-bes6941607365656.html#mpos=23|cd,https://www.cdiscount.com/b-431533-piscines-et-spa.html
24,1,piscine et spa,https://www.cdiscount.com/corner/op/operation/operation-plein-air/piscines-et-spa/l-14121080932.html,24,https://www.cdiscount.com/pdt2/4/g/n/1/400x400/int26374gn/rw/kit-piscine-hors-sol-tubulaire-intex-ultra-xtr.jpg,Kit Piscine hors sol tubulaire INTEX - Ultra XTR - 975 x 488 x 132 cm - Rectangulaire (Filtre à sable + accessoires) - 26374GN,Kit Piscine hors sol tubulaire INTEX - Ultra XTR - 975 x 488 x 132 cm - Rectangulaire (Filtre à sable + accessoires) - 26374GN,"1203,04 €",,,5,4,Livré par Cdiscount Moins cher qu'Amazon,"Meilleur prix Sponsorisé? Kit Piscine hors sol tubulaire INTEX - Ultra XTR - 975 x 488 x 132 cm - Rectangulaire (Filtre à sable + accessoires) - 26374GN 5 / 5 4 avis Composition du lot : Echelle de sécurité avec marches amovibles, plateforme, bâche, tapis de sol Dimensions : 975 x 488 x 132 cm Hauteur de la ligne d'eau : 1,14 m Volume d'eau : 54,4 m3 Livré par Cdiscount Moins cher qu'Amazon.fr ? 1203,04 € Ajouter",6183.484375,332.0,https://www.cdiscount.com/jardin/piscine/kit-piscine-hors-sol-tubulaire-intex-ultra-xtr/f-1631801-int26374gn.html?idOffre=322630039&sw=2176a09e38a4770ef97846c149063d4f2127fe1c63ecd9d362f06a680966daed726e0cf18f67d674aad1c5976bab7732766385e41abbb4104f5a7d994b082ca02ca3b4aaf9b13cd3dafa1eb6449824feff883cf6a58e2822cbe3400ecd9774bf3aadde29c7811ce7d853afe49524fdb606f31df6143643c0338349058638f3151682660fd85cecaade1ac2de9ba1bfd1#mpos=24|cd,https://www.cdiscount.com/b-431533-piscines-et-spa.html
25,1,piscine et spa,https://www.cdiscount.com/corner/op/operation/operation-plein-air/piscines-et-spa/l-14121080932.html,25,https://www.cdiscount.com/pdt2/2/f/r/1/400x400/int26652fr/rw/filtre-a-sable-intex-sx3200-10m3-h-pour-piscine-ju.jpg,Filtre à sable Intex SX3200 10m³/h pour piscine jusqu'à 65m³,Filtre à sable Intex SX3200 10m³/h pour piscine jusqu'à 65m³,"182,82 €","289,00 €",,4.5,37,Livraison gratuite1 Livré par Cdiscount Prix de c,"Filtre à sable Intex SX3200 10m³/h pour piscine jusqu'à 65m³ 4,5 / 5 37 avis Composition du lot : Inclus : Pompe de filtration intégrée, cuve à média, vanne 6 voies, notice. Média filtrant et tuyaux de raccordement Ø 38 mm non inclus Type d'alimentation : Electrique Cdiscount à volonté Livraison gratuite1 Livré par Cdiscount Prix de comparaison 289,00 € 182,82 € Ajouter",6432.484375,332.0,https://www.cdiscount.com/jardin/piscine/filtre-a-sable-intex-sx3200-10m3-h-pour-piscine-ju/f-163180302-int26652fr.html#mpos=25|cd,https://www.cdiscount.com/b-431533-piscines-et-spa.html
26,1,piscine et spa,https://www.cdiscount.com/corner/op/operation/operation-plein-air/piscines-et-spa/l-14121080932.html,26,https://www.cdiscount.com/pdt2/0/9/5/1/400x400/aacrf48095/rw/osprey-800-robot-piscine-sans.jpg,Robot de piscine - WYBOT - Osprey 800 - Sans fil - Autonomie 150 min - Filtration 180 microns,Robot de piscine - WYBOT - Osprey 800 - Sans fil - Autonomie 150 min - Filtration 180 microns,"466,00 €",,,5,2,"Livraison gratuite1 466,00 € Ajouter","Robot de piscine - WYBOT - Osprey 800 - Sans fil - Autonomie 150 min - Filtration 180 microns 5 / 5 2 avis Surface nettoyée : Escalier, Fond, Fond et paroi, Ligne d'eau, Paroi Dimensions : Convient pour piscines 8x4 m Type d'alimentation : Batterie Cdiscount à volonté Livraison gratuite1 466,00 € Ajouter",6680.484375,332.0,https://www.cdiscount.com/jardin/piscine/osprey-800-robot-piscine-sans/f-163180201-aacrf48095.html#mpos=26|mp,https://www.cdiscount.com/b-431533-piscines-et-spa.html
27,1,piscine et spa,https://www.cdiscount.com/corner/op/operation/operation-plein-air/piscines-et-spa/l-14121080932.html,27,https://www.cdiscount.com/pdt2/4/7/4/1/400x400/bes6941607361474/rw/filtre-a-sable-pompe-de-filtration-pour-piscine.jpg,Filtre à sable / pompe de filtration pour piscine jusqu'à 18 m3- Bestway - 3 596 L/h - Avec préfiltre,Filtre à sable / pompe de filtration pour piscine jusqu'à 18 m3- Bestway - 3 596 L/h - Avec préfiltre,"79,99 €","99,00 €",,4.6,183,Livraison gratuite1 Livré par Cdiscount Les imbat,"Bon plan Filtre à sable / pompe de filtration pour piscine jusqu'à 18 m3- Bestway - 3 596 L/h - Avec préfiltre 4,6 / 5 183 avis Composition du lot : Cuve à sable + pompe de filtration intégrée + vanne 6 voies + tuyaux de raccordement Ø 32/38 mm + adaptateurs + manuel d’utilisation. Sable non inclus. Dimensions : 38 × 38 × 52 cm Cdiscount à volonté Livraison gratuite1 Livré par Cdiscount Les imbattables Prix de comparaison 99,00 € 79,99 € Ajouter",6928.484375,332.0,https://www.cdiscount.com/jardin/piscine/filtre-a-sable-pompe-de-filtration-pour-piscine/f-163180302-bes6941607361474.html#mpos=27|cd,https://www.cdiscount.com/b-431533-piscines-et-spa.html
28,1,piscine et spa,https://www.cdiscount.com/corner/op/operation/operation-plein-air/piscines-et-spa/l-14121080932.html,28,https://www.cdiscount.com/pdt2/8/7/4/1/400x400/int6941057430874/rw/spa-gonflable-intex-olive-196-x-196-x-71-cm.jpg,Spa gonflable INTEX - Olive - 196 x 196 x 71 cm - 4 places - Carré - 28426NP,Spa gonflable INTEX - Olive - 196 x 196 x 71 cm - 4 places - Carré - 28426NP,"399,00 €","399,00 €",,,,Livré par Cdiscount Moins cher qu'Amazon,"Meilleur prix Spa gonflable INTEX - Olive - 196 x 196 x 71 cm - 4 places - Carré - 28426NP Nombre et type de jets : 120 diffuseurs à bulles Entretien de l'eau : Brome, Chlore, Sel Dimensions : Ø x h : 1.96 x 0.71m Type d'alimentation : Electrique Livré par Cdiscount Moins cher qu'Amazon.fr ? 359,00 € Ajouter",7176.484375,332.0,https://www.cdiscount.com/jardin/spa/spa-gonflable-intex-olive-196-x-196-x-71-cm/f-1633001-int6941057430874.html#mpos=28|cd,https://www.cdiscount.com/b-431533-piscines-et-spa.html
29,1,piscine et spa,https://www.cdiscount.com/corner/op/operation/operation-plein-air/piscines-et-spa/l-14121080932.html,29,https://www.cdiscount.com/pdt2/6/n/p/1/400x400/26796np/rw/kit-piscine-hors-sol-tubulaire-intex-pris-frame.jpg,"Kit Piscine hors sol tubulaire INTEX - Pris Frame - 503 x 274 x 122 cm - Ovale (Pompe, bâche, tapis de sol et échelle) - 26796NP","Kit Piscine hors sol tubulaire INTEX - Pris Frame - 503 x 274 x 122 cm - Ovale (Pompe, bâche, tapis de sol et échelle) - 26796NP","490,00 €",,,4.3,72,"Livré par Cdiscount 490,00 € Ajouter","Kit Piscine hors sol tubulaire INTEX - Pris Frame - 503 x 274 x 122 cm - Ovale (Pompe, bâche, tapis de sol et échelle) - 26796NP 4,3 / 5 72 avis Composition du lot : Garantie : 2 ans Volume d'eau : 13,4 m3 Type d'alimentation : Electrique Livré par Cdiscount 490,00 € Ajouter",7424.484375,332.0,https://www.cdiscount.com/jardin/piscine/kit-piscine-hors-sol-tubulaire-intex-pris-frame/f-1631801-26796np.html#mpos=29|cd,https://www.cdiscount.com/b-431533-piscines-et-spa.html
30,1,piscine et spa,https://www.cdiscount.com/corner/op/operation/operation-plein-air/piscines-et-spa/l-14121080932.html,30,https://www.cdiscount.com/pdt2/7/5/8/1/400x400/aabzw81758/rw/airrobo-pc10-robot-de-piscine.jpg,"AIRROBO CP20 Robot Piscine, Aspirateur de Piscine sans Fil pour Sols, 120Min & 170m² d'Autonomie,Forte Puissance d’Aspiration","AIRROBO CP20 Robot Piscine, Aspirateur de Piscine sans Fil pour Sols, 120Min & 170m² d'Autonomie,Forte Puissance d’Aspiration","409,00 €","699,00 €",,4.6,5,Livraison gratuite1 Livré par Cdiscount Prix de c,"Sponsorisé? AIRROBO CP20 Robot Piscine, Aspirateur de Piscine sans Fil pour Sols, 120Min & 170m² d'Autonomie,Forte Puissance d’Aspiration 4,6 / 5 5 avis Cdiscount à volonté Livraison gratuite1 Livré par Cdiscount Prix de comparaison 699,00 € 409,00 € Ajouter",7672.484375,332.0,https://www.cdiscount.com/jardin/piscine/airrobo-pc10-robot-de-piscine/f-163180201-aabzw81758.html?idOffre=4284199575&sw=2176a09e38a4770ef97846c149063d4f2127fe1c63ecd9d362f06a680966daed74c0439cab8af740ab5b17478910195d209604d19b807e5d1eb33cd4a1e84cdd37ea48667d8fc334b8f876f7dd606cfac1b5857664ff13c4acc8f7792f80c0cd9633b7b82f23e22b7ef7012f608647307c8359ebc9bb5f2816101e5494d4055c7a149763d3b4cf53db73702bf6da158e#mpos=30|mp,https://www.cdiscount.com/b-431533-piscines-et-spa.html
31,1,piscine et spa,https://www.cdiscount.com/corner/op/operation/operation-plein-air/piscines-et-spa/l-14121080932.html,31,https://www.cdiscount.com/pdt2/9/4/6/1/400x400/bes6941607365946/rw/kit-piscine-hors-sol-tubulaire-bestway-steel-pro.jpg,Kit Piscine hors sol tubulaire BESTWAY - Steel Pro MAX™ - 305 x 200 x 84 cm - Ovale (Livrée avev filtre à cartouche et 1 cartouche),Kit Piscine hors sol tubulaire BESTWAY - Steel Pro MAX™ - 305 x 200 x 84 cm - Ovale (Livrée avev filtre à cartouche et 1 cartouche),"259,00 €",,,4,25,Livrée avev filtre à cartouche et 1 cartouche,"Kit Piscine hors sol tubulaire BESTWAY - Steel Pro MAX™ - 305 x 200 x 84 cm - Ovale (Livrée avev filtre à cartouche et 1 cartouche) 4 / 5 25 avis Composition du lot : 1 piscine, 1 pompe de filtration, 1 cartouche de filtration, 1 patch de réparation Entretien de l'eau : Chlore, Sel Dimensions : 305 x 200 x 84 cm Hauteur de la ligne d'eau : 67 cm Livré par Cdiscount 259,00 € Ajouter",7921.484375,332.0,https://www.cdiscount.com/jardin/piscine/kit-piscine-hors-sol-tubulaire-bestway-steel-pro/f-1631801-bes6941607365946.html#mpos=31|cd,https://www.cdiscount.com/b-431533-piscines-et-spa.html
32,1,piscine et spa,https://www.cdiscount.com/corner/op/operation/operation-plein-air/piscines-et-spa/l-14121080932.html,32,https://www.cdiscount.com/pdt2/4/5/7/1/400x400/aaape86457/rw/wybot-c2-vision--robot-de.jpg,Robot de Piscine Sans Fil - WYBOT - C2 Vision - Smart Vision - 8 Modes de Nettoyage - 180 min Autonomie,Robot de Piscine Sans Fil - WYBOT - C2 Vision - Smart Vision - 8 Modes de Nettoyage - 180 min Autonomie,"719,00 €",,,4.7,17,"Livraison gratuite1 Livré par Cdiscount 719,00 €","Sponsorisé? Robot de Piscine Sans Fil - WYBOT - C2 Vision - Smart Vision - 8 Modes de Nettoyage - 180 min Autonomie 4,7 / 5 17 avis Surface nettoyée : Escalier, Fond, Fond et paroi, Ligne d'eau Type d'alimentation : Batterie Cdiscount à volonté Livraison gratuite1 Livré par Cdiscount 719,00 € Ajouter",8169.484375,332.0,https://www.cdiscount.com/jardin/piscine/wybot-c2-vision--robot-de/f-163180201-aaape86457.html?idOffre=4201785910&sw=2176a09e38a4770ef97846c149063d4f9b2d8c30b0f6cc77e47586da4daaf58df1f10146ece5ef691cd6c129c174c7945d6ca3b1d25281a48aaf65431eae43954246dd87c56018b1a8a70dbb40213fdd378db9a523102ce1db27aaaa293e1f73f655cf9fa857e751a91101f1d28b9ce4862e8be8c3ab42caf4727f26c75ae5ac7ddbe8328f67e259f5a70e4e898a04e9#mpos=32|mp,https://www.cdiscount.com/b-431533-piscines-et-spa.html
33,1,piscine et spa,https://www.cdiscount.com/corner/op/operation/operation-plein-air/piscines-et-spa/l-14121080932.html,33,https://www.cdiscount.com/pdt2/4/f/r/1/400x400/int26644fr/rw/filtre-a-sable-intex-sx1500-4m3-h-pour-piscine-jus.jpg,Filtre à sable Intex SX1500 4m3/h pour piscine jusqu'à 24m3,Filtre à sable Intex SX1500 4m3/h pour piscine jusqu'à 24m3,"119,63 €",,,4.6,345,"Livraison gratuite1 Livré par Cdiscount 119,63 €","Filtre à sable Intex SX1500 4m3/h pour piscine jusqu'à 24m3 4,6 / 5 345 avis Composition du lot : Inclus : Pompe de filtration intégrée, cuve à média, vanne 6 voies, notice. Média filtrant et tuyaux de raccordement Ø 38 mm non inclus Type d'alimentation : Electrique Cdiscount à volonté Livraison gratuite1 Livré par Cdiscount 119,63 € Ajouter",8418.484375,332.0,https://www.cdiscount.com/jardin/piscine/filtre-a-sable-intex-sx1500-4m3-h-pour-piscine-jus/f-163180302-int26644fr.html#mpos=33|cd,https://www.cdiscount.com/b-431533-piscines-et-spa.html
34,1,piscine et spa,https://www.cdiscount.com/corner/op/operation/operation-plein-air/piscines-et-spa/l-14121080932.html,34,https://www.cdiscount.com/pdt2/5/0/5/1/400x400/bes6941607348505/rw/spa-gonflable-bestway-lay-z-spa-mauritius-avec.jpg,Spa gonflable BESTWAY - Lay-Z-Spa Mauritius - Avec Wifi - Airjet 180 Airjets - 270 x 180 x 71 cm - 5 à 7 places - Rectangulaire,Spa gonflable BESTWAY - Lay-Z-Spa Mauritius - Avec Wifi - Airjet 180 Airjets - 270 x 180 x 71 cm - 5 à 7 places - Rectangulaire,"649,00 €","649,00 €",,4.6,24,Livré par Cdiscount Moins cher qu'Amazon,"Meilleur prix Spa gonflable BESTWAY - Lay-Z-Spa Mauritius - Avec Wifi - Airjet 180 Airjets - 270 x 180 x 71 cm - 5 à 7 places - Rectangulaire 4,6 / 5 24 avis Composition du lot : 1 spa, 1 couverture isolante, 1 pompe de spa, 1 cartouche filtrante (VI), 1 diffuseur ChemConnect™, 1 patch de réparation Nombre et type de jets : 180 jets d'air Dimensions : 270 x 180 x 71 cm Hauteur de la ligne d'eau : 57 cm Livré par Cdiscount Moins cher qu'Amazon.fr ? 559,85 € Ajouter",8666.484375,332.0,https://www.cdiscount.com/jardin/spa/spa-gonflable-bestway-lay-z-spa-mauritius-avec/f-1633001-bes6941607348505.html#mpos=34|cd,https://www.cdiscount.com/b-431533-piscines-et-spa.html
35,1,piscine et spa,https://www.cdiscount.com/corner/op/operation/operation-plein-air/piscines-et-spa/l-14121080932.html,35,https://www.cdiscount.com/pdt2/2/7/4/1/400x400/lin6941057429274/rw/spa-intex-purespa-olive-8-places-170-diffu.jpg,Spa - INTEX - PureSpa Olive - 8 places - 170 diffuseurs à bulles,Spa - INTEX - PureSpa Olive - 8 places - 170 diffuseurs à bulles,"599,00 €",,,5,3,"Livré par Cdiscount 599,00 € Ajouter","Spa - INTEX - PureSpa Olive - 8 places - 170 diffuseurs à bulles 5 / 5 3 avis Nombre et type de jets : 170 diffuseurs à bulles Entretien de l'eau : Brome, Chlore, Sel Dimensions : Ø x h : 2,36 x 0,71m Hauteur de la ligne d'eau : Ø x h : 2,36 x 0,71m Livré par Cdiscount 599,00 € Ajouter",8914.484375,332.0,https://www.cdiscount.com/jardin/spa/spa-intex-purespa-olive-8-places-170-diffu/f-1633001-lin6941057429274.html#mpos=35|cd,https://www.cdiscount.com/b-431533-piscines-et-spa.html
36,1,piscine et spa,https://www.cdiscount.com/corner/op/operation/operation-plein-air/piscines-et-spa/l-14121080932.html,36,https://www.cdiscount.com/pdt2/3/4/0/1/400x400/bes6941607369340/rw/spa-gonflable-bestway-lay-z-spa-hollywood-140.jpg,"Spa gonflable BESTWAY - Lay-Z-Spa Hollywood - 140 airjets - 180 x 180 x 66 cm - 4 à 6 places - Carré (couverture, cartouche)","Spa gonflable BESTWAY - Lay-Z-Spa Hollywood - 140 airjets - 180 x 180 x 66 cm - 4 à 6 places - Carré (couverture, cartouche)","499,00 €",,,5,3,"Livré par Cdiscount 499,00 € Ajouter","Spa gonflable BESTWAY - Lay-Z-Spa Hollywood - 140 airjets - 180 x 180 x 66 cm - 4 à 6 places - Carré (couverture, cartouche) 5 / 5 3 avis Composition du lot : 1 spa, 1 couverture isolante, 1 pompe, 1 cartouche de filtration (VI), 1 diffuseur ChemConnect, 1 bande lumineuse LED, 4 appuie-tête, 1 patch de réparation Nombre et type de jets : 140 jets d'air Dimensions : 180 x 180 x 66 cm Hauteur de la ligne d'eau : 53 cm Livré par Cdiscount 499,00 € Ajouter",9162.484375,332.0,https://www.cdiscount.com/jardin/spa/spa-gonflable-bestway-lay-z-spa-hollywood-140/f-1633001-bes6941607369340.html#mpos=36|cd,https://www.cdiscount.com/b-431533-piscines-et-spa.html
37,1,piscine et spa,https://www.cdiscount.com/corner/op/operation/operation-plein-air/piscines-et-spa/l-14121080932.html,37,https://www.cdiscount.com/pdt2/5/3/7/1/400x400/int6941057418537/rw/kit-piscine-hors-sol-tubulaire-intex-pris-frame.jpg,"Kit Piscine hors sol tubulaire INTEX - Pris Frame - 457 x 122 cm - Ronde (Pompe, bâche, tapis de sol et échelle) - 26742NP","Kit Piscine hors sol tubulaire INTEX - Pris Frame - 457 x 122 cm - Ronde (Pompe, bâche, tapis de sol et échelle) - 26742NP","398,99 €",,,3.9,31,"Livraison gratuite1 398,99 € Ajouter","Kit Piscine hors sol tubulaire INTEX - Pris Frame - 457 x 122 cm - Ronde (Pompe, bâche, tapis de sol et échelle) - 26742NP 3,9 / 5 31 avis Composition du lot : Epurateur à cartouche, bâche de protection, tapis de sol, échelle de sécurité Dimensions : Ø4,57 x H1,22 m Hauteur de la ligne d'eau : 1,07 m Type d'alimentation : Electrique Livraison gratuite1 398,99 € Ajouter",9410.484375,332.0,https://www.cdiscount.com/jardin/piscine/kit-piscine-hors-sol-tubulaire-intex-pris-frame/f-1631801-int6941057418537.html#mpos=37|mp,https://www.cdiscount.com/b-431533-piscines-et-spa.html
38,1,piscine et spa,https://www.cdiscount.com/corner/op/operation/operation-plein-air/piscines-et-spa/l-14121080932.html,38,https://www.cdiscount.com/pdt2/6/7/8/1/400x400/int6941057423678/rw/kit-piscine-hors-sol-tubulaire-intex-graphite.jpg,"Kit Piscine hors sol tubulaire INTEX - Graphite - 400 x 300 cm - Rectangulaire (Echelle, vannes, filtre, bâche) - 26396GN","Kit Piscine hors sol tubulaire INTEX - Graphite - 400 x 300 cm - Rectangulaire (Echelle, vannes, filtre, bâche) - 26396GN","1390,00 €",,,,,"Livraison gratuite1 1390,00 € Ajouter","Sponsorisé? Kit Piscine hors sol tubulaire INTEX - Graphite - 400 x 300 cm - Rectangulaire (Echelle, vannes, filtre, bâche) - 26396GN Composition du lot : Filtre à sable 4 m³/h, Hydroaération : permet le bon fonctionnement de la filtration, Echelle de sécurité avec marches amovibles , Bâche et tapis de sol , Vannes d'arrêt Dimensions : L x l x h : 4,00 x 3,00 x 1,24 m Hauteur de la ligne d'eau : 1,07 m Volume d'eau : 10,1 m3 Livraison gratuite1 1390,00 € Ajouter",9658.484375,332.0,https://www.cdiscount.com/jardin/piscine/kit-piscine-hors-sol-tubulaire-intex-graphite/f-1631801-int6941057423678.html?idOffre=2443480986&sw=2176a09e38a4770ef97846c149063d4f3444c06a53bc137d7b68ffd1dd4f0e7aa3a368256d093e90b899cfd182ec58a470c6b125cbdf22b862f4a131a2646aff6c418441ca874a919b3b0130922975962b01b92d29d61789048be5b88b545e0679c6f69449662baf323768701ffd801c97142b6455b792a63019636b72159375d0e64801c39b436b48deb32b24cc76e0#mpos=38|mp,https://www.cdiscount.com/b-431533-piscines-et-spa.html
39,1,piscine et spa,https://www.cdiscount.com/corner/op/operation/operation-plein-air/piscines-et-spa/l-14121080932.html,39,https://www.cdiscount.com/pdt2/4/3/5/1/400x400/bes6942138982435/rw/kit-piscine-hors-sol-tubulaire-bestway-steel-pro-m.jpg,Kit Piscine hors sol tubulaire BESTWAY Steel Pro Max™- 366 x 100 cm - Ronde (Livrée avec filtre à cartouche + échelle de sécurité),Kit Piscine hors sol tubulaire BESTWAY Steel Pro Max™- 366 x 100 cm - Ronde (Livrée avec filtre à cartouche + échelle de sécurité),"229,00 €",,,4.4,37,"Livraison gratuite1 229,00 € Ajouter","Kit Piscine hors sol tubulaire BESTWAY Steel Pro Max™- 366 x 100 cm - Ronde (Livrée avec filtre à cartouche + échelle de sécurité) 4,4 / 5 37 avis Entretien de l'eau : Chlore, Clarifiant piscine, Sel Dimensions : 366x366x100 cm Hauteur de la ligne d'eau : 90 cm Volume d'eau : 9,1 m3 Livraison gratuite1 229,00 € Ajouter",9907.484375,332.0,https://www.cdiscount.com/jardin/piscine/kit-piscine-hors-sol-tubulaire-bestway-steel-pro-m/f-1631801-bes6942138982435.html#mpos=39|mp,https://www.cdiscount.com/b-431533-piscines-et-spa.html
40,1,piscine et spa,https://www.cdiscount.com/corner/op/operation/operation-plein-air/piscines-et-spa/l-14121080932.html,40,https://www.cdiscount.com/pdt2/0/3/3/1/400x400/aaaro05033/rw/spa-gonflable-6-places-carr.jpg,Spa gonflable 6 places - RELXTIME - Carré - 130 micro-jets - Température jusqu'à 40°C - Noir,Spa gonflable 6 places - RELXTIME - Carré - 130 micro-jets - Température jusqu'à 40°C - Noir,"369,00 €","599,00 €",,,,"Livraison gratuite1 Prix de comparaison 599,00 €","Spa gonflable 6 places - RELXTIME - Carré - 130 micro-jets - Température jusqu'à 40°C - Noir Composition du lot : Le spa gonflable + un filtre + le tapis de sol + la bâche isotherme Nombre et type de jets : 130 micro jets Dimensions : 186 x 185 x 65 cm Hauteur de la ligne d'eau : 65 cm Livraison gratuite1 Prix de comparaison 599,00 € 369,00 € Ajouter",10155.484375,332.0,https://www.cdiscount.com/jardin/spa/spa-gonflable-6-places-carr/f-1633001-aaaro05033.html#mpos=40|mp,https://www.cdiscount.com/b-431533-piscines-et-spa.html
41,1,piscine et spa,https://www.cdiscount.com/corner/op/operation/operation-plein-air/piscines-et-spa/l-14121080932.html,41,https://www.cdiscount.com/pdt2/2/4/0/1/400x400/bes6941607366240/rw/kit-piscine-hors-sol-tubulaire-bestway-steel-pro.jpg,"Kit Piscine hors sol tubulaire BESTWAY - Steel Pro Max - 422 x 201 x 122 cm - Rectangulaire (Filtre à cartouche, échelle, 1 cartouch","Kit Piscine hors sol tubulaire BESTWAY - Steel Pro Max - 422 x 201 x 122 cm - Rectangulaire (Filtre à cartouche, échelle, 1 cartouch","444,69 €",,,4.1,9,"Livré par Cdiscount 444,69 € Ajouter","Kit Piscine hors sol tubulaire BESTWAY - Steel Pro Max - 422 x 201 x 122 cm - Rectangulaire (Filtre à cartouche, échelle, 1 cartouch 4,1 / 5 9 avis Composition du lot : 1 piscine, 1 pompe de filtration à cartouche, 1 cartouche de filtration, 1 échelle de piscine, patch de réparation Entretien de l'eau : Chlore, Sel Dimensions : 412 x 201 x 122 cm Hauteur de la ligne d'eau : 97 cm Livré par Cdiscount 444,69 € Ajouter",10403.484375,332.0,https://www.cdiscount.com/jardin/piscine/kit-piscine-hors-sol-tubulaire-bestway-steel-pro/f-1631801-bes6941607366240.html#mpos=41|cd,https://www.cdiscount.com/b-431533-piscines-et-spa.html
42,1,piscine et spa,https://www.cdiscount.com/corner/op/operation/operation-plein-air/piscines-et-spa/l-14121080932.html,42,https://www.cdiscount.com/pdt2/y/0/2/1/400x400/besfiltpoly02/rw/filtre-a-sable-pompe-de-filtration-pour-piscine.jpg,Filtre à sable / pompe de filtration pour piscine jusqu'à 42 m3- Bestway - 6 056 L/h - Avec préfiltre + Boules Polysphère - 500gr,Filtre à sable / pompe de filtration pour piscine jusqu'à 42 m3- Bestway - 6 056 L/h - Avec préfiltre + Boules Polysphère - 500gr,"136,94 €","185,95 €",,4.5,72,Livraison gratuite1 Livré par Cdiscount Prix de c,"Filtre à sable / pompe de filtration pour piscine jusqu'à 42 m3- Bestway - 6 056 L/h - Avec préfiltre + Boules Polysphère - 500gr 4,5 / 5 72 avis Cdiscount à volonté Livraison gratuite1 Livré par Cdiscount Prix de comparaison 185,95 € 136,94 € Ajouter",10651.484375,332.0,https://www.cdiscount.com/jardin/piscine/filtre-a-sable-pompe-de-filtration-pour-piscine/f-163180302-besfiltpoly02.html#mpos=42|cd,https://www.cdiscount.com/b-431533-piscines-et-spa.html
43,1,piscine et spa,https://www.cdiscount.com/corner/op/operation/operation-plein-air/piscines-et-spa/l-14121080932.html,43,https://www.cdiscount.com/pdt2/1/7/6/1/400x400/int6941057422176/rw/filtre-a-sable-intex-sx925-2m3-h-jusqu-a-17m3.jpg,Filtre à sable Intex SX925 2m3/h jusqu'à 17m3,Filtre à sable Intex SX925 2m3/h jusqu'à 17m3,"84,84 €","99,00 €",,4,103,Livraison gratuite1 Livré par Cdiscount Prix de c,"Filtre à sable Intex SX925 2m3/h jusqu'à 17m3 4 / 5 103 avis Composition du lot : Inclus : Pompe de filtration intégrée, cuve à média, vanne 4 voies, notice. Média filtrant et tuyau de raccordement Ø 32 mm non inclus Type d'alimentation : Electrique Cdiscount à volonté Livraison gratuite1 Livré par Cdiscount Prix de comparaison 99,00 € 84,84 € Ajouter",10899.484375,332.0,https://www.cdiscount.com/jardin/piscine/filtre-a-sable-intex-sx925-2m3-h-jusqu-a-17m3/f-163180302-int6941057422176.html#mpos=43|cd,https://www.cdiscount.com/b-431533-piscines-et-spa.html
44,1,piscine et spa,https://www.cdiscount.com/corner/op/operation/operation-plein-air/piscines-et-spa/l-14121080932.html,44,https://www.cdiscount.com/pdt2/1/2/1/1/400x400/sun3700684107121/rw/spa-gonflable-sunspa-ac02-185-x-65-cm-6-plac.jpg,"Spa gonflable SUNSPA - AC02 - 185 x 65 cm - 6 places - Carré (Livré avec filtre, cadenas, tapis de sol et couverture)","Spa gonflable SUNSPA - AC02 - 185 x 65 cm - 6 places - Carré (Livré avec filtre, cadenas, tapis de sol et couverture)","389,99 €","599,00 €",,3.9,246,Livraison gratuite1 Livré par Cdiscount Prix de c,"Spa gonflable SUNSPA - AC02 - 185 x 65 cm - 6 places - Carré (Livré avec filtre, cadenas, tapis de sol et couverture) 3,9 / 5 246 avis Composition du lot : 1 filtre, 1 cadenas, 1 tuyau de gonflage, 1 tapis de sol et 1 couverture à clips. Nombre et type de jets : 130 Dimensions : Dimensions de 185 x 185 cm - Hauteur : 65 cm Hauteur de la ligne d'eau : 65 cm Cdiscount à volonté Livraison gratuite1 Livré par Cdiscount Prix de comparaison 599,00 € 389,99 € Ajouter",11147.484375,332.0,https://www.cdiscount.com/jardin/spa/spa-gonflable-sunspa-ac02-185-x-65-cm-6-plac/f-1633001-sun3700684107121.html#mpos=44|cd,https://www.cdiscount.com/b-431533-piscines-et-spa.html
45,1,piscine et spa,https://www.cdiscount.com/corner/op/operation/operation-plein-air/piscines-et-spa/l-14121080932.html,45,https://www.cdiscount.com/pdt2/6/8/1/1/400x400/int6941057421681/rw/kit-piscine-graphite-4-78-x-1-24-m-intex.jpg,"Kit Piscine Graphite 4,78 x 1,24 m - Intex","Kit Piscine Graphite 4,78 x 1,24 m - Intex","944,00 €",,,3.8,4,Livré par Cdiscount Moins cher qu'Amazon,"Meilleur prix Kit Piscine Graphite 4,78 x 1,24 m - Intex 3,8 / 5 4 avis Composition du lot : Epurateur, vanne d'arrêt, bâche, tapis de sol, échelle de sécurité Surface nettoyée : Fond et paroi Dimensions : (Ø)4,78 x (h)1,24 m Hauteur de la ligne d'eau : 107 cm Livré par Cdiscount Moins cher qu'Amazon.fr ? 944,00 € Ajouter",11417.78125,332.0,https://www.cdiscount.com/jardin/piscine/kit-piscine-graphite-4-78-x-1-24-m-intex/f-1631801-int6941057421681.html#mpos=45|cd,https://www.cdiscount.com/b-431533-piscines-et-spa.html
46,1,piscine et spa,https://www.cdiscount.com/corner/op/operation/operation-plein-air/piscines-et-spa/l-14121080932.html,46,https://www.cdiscount.com/pdt2/6/5/0/1/400x400/auc1739480671650/rw/robot-piscine-sans-fil-aiper-scuba-s1.jpg,Robot piscine sans fil Aiper Scuba S1,Robot piscine sans fil Aiper Scuba S1,"549,00 €",,,4,5,"Livraison gratuite1 Livré par Cdiscount 549,00 €","Robot piscine sans fil Aiper Scuba S1 4 / 5 5 avis Cdiscount à volonté Livraison gratuite1 Livré par Cdiscount 549,00 € Ajouter",11665.78125,332.0,https://www.cdiscount.com/jardin/piscine/robot-piscine-sans-fil-aiper-scuba-s1/f-163180201-auc1739480671650.html#mpos=46|mp,https://www.cdiscount.com/b-431533-piscines-et-spa.html
47,1,piscine et spa,https://www.cdiscount.com/corner/op/operation/operation-plein-air/piscines-et-spa/l-14121080932.html,47,https://www.cdiscount.com/pdt2/0/4/1/1/400x400/bes6941607305041/rw/spa-gonflable-bestway-lay-z-spa-aruba-170-x-66.jpg,"Spa gonflable BESTWAY - Lay-Z-Spa Aruba - 170 x 66 cm - 2 à 3 places - Rond (Inclus : couverture, cartouche et diffuseur)","Spa gonflable BESTWAY - Lay-Z-Spa Aruba - 170 x 66 cm - 2 à 3 places - Rond (Inclus : couverture, cartouche et diffuseur)","279,65 €","329,00 €",,4.6,15,"Livraison gratuite1 Prix de comparaison 329,00 €","Spa gonflable BESTWAY - Lay-Z-Spa Aruba - 170 x 66 cm - 2 à 3 places - Rond (Inclus : couverture, cartouche et diffuseur) 4,6 / 5 15 avis Composition du lot : 1 spa, 1 couverture isolante, 1 pompe, 1 diffuseur ChemConnect, 1 cartouche filtrante (VI), 1 patch de réparation Nombre et type de jets : 110 airjets Dimensions : 170 x 66 cm Hauteur de la ligne d'eau : 52 Livraison gratuite1 Prix de comparaison 329,00 € 279,65 € Ajouter",11913.78125,332.0,https://www.cdiscount.com/jardin/spa/spa-gonflable-bestway-lay-z-spa-aruba-170-x-66/f-1633001-bes6941607305041.html#mpos=47|mp,https://www.cdiscount.com/b-431533-piscines-et-spa.html
48,1,piscine et spa,https://www.cdiscount.com/corner/op/operation/operation-plein-air/piscines-et-spa/l-14121080932.html,48,https://www.cdiscount.com/pdt2/c/h/i/1/400x400/ninns1tomodachi/rw/tomodachi-life-une-vie-de-reve-jeu-nintendo-sw.jpg,Tomodachi Life: Une Vie de Rêve • Jeu Nintendo Switch,Tomodachi Life: Une Vie de Rêve • Jeu Nintendo Switch,"49,99 €",,,5,,,"Tomodachi Life: Une Vie de Rêve • Jeu Nintendo Switch 5 / 5 49,99 €",12313.28125,32.0,https://www.cdiscount.com/jeux-pc-video-console/nintendo-switch/tomodachi-life-une-vie-de-reve-jeu-nintendo-sw/f-10328-ninns1tomodachi.html#cm_rr=PL:10402302:NH:CAR,https://www.cdiscount.com/b-431533-piscines-et-spa.html
49,1,piscine et spa,https://www.cdiscount.com/corner/op/operation/operation-plein-air/piscines-et-spa/l-14121080932.html,49,https://www.cdiscount.com/pdt2/e/x/e/1/400x400/rcdapp0038253exe/rw/apple-iphone-14-128gb-midnight-reconditionne-e.jpg,APPLE iPhone 14 128GB Midnight - Reconditionné - Excellent état,APPLE iPhone 14 128GB Midnight - Reconditionné - Excellent état,"270,00 €","309,99 €",,4.0,,,"Promo APPLE iPhone 14 128GB Midnight 4,0 / 5 Reconditionné - Excellent état Prix de comparaison 309,99 € 270,00 €",12313.28125,224.0,https://www.cdiscount.com/telephonie/telephone-mobile/apple-iphone-14-128gb-midnight-reconditionne-e/f-14404-rcdapp0038253exe.html#cm_rr=PL:10402302:NH:CAR,https://www.cdiscount.com/b-431533-piscines-et-spa.html
50,1,piscine et spa,https://www.cdiscount.com/corner/op/operation/operation-plein-air/piscines-et-spa/l-14121080932.html,50,https://www.cdiscount.com/pdt2/7/0/8/1/400x400/aaapp19708/rw/friteuse-sans-huile-ninja-foodi-af200eu-capaci.jpg,"Friteuse sans huile NINJA - Foodi AF200EU - Capacité 7,6L - Double cuve - 4 programmes de cuisson - 2400W","Friteuse sans huile NINJA - Foodi AF200EU - Capacité 7,6L - Double cuve - 4 programmes de cuisson - 2400W","109,99 €","179,99 €",,4.8,,,"Bon plan Friteuse sans huile NINJA - Foodi AF200EU - Capacité 7,6L - Double cuve - 4 programmes de cuisson - 2400W 4,8 / 5 Prix de comparaison 179,99 € 109,99 €",12313.28125,416.0,https://www.cdiscount.com/electromenager/petits-appareils-de-cuisson/friteuse-sans-huile-ninja-foodi-af200eu-capaci/f-1102002-aaapp19708.html#cm_rr=PL:10402302:NH:CAR,https://www.cdiscount.com/b-431533-piscines-et-spa.html
51,1,piscine et spa,https://www.cdiscount.com/corner/op/operation/operation-plein-air/piscines-et-spa/l-14121080932.html,51,https://www.cdiscount.com/pdt2/s/0/4/1/400x400/tefl897ds04/rw/tefal-ingenio-emotion-batterie-de-cuisine-13-piece.jpg,"Tefal Ingenio Emotion Batterie de cuisine 13 pièces, Acier inoxydable, Empilable, Garantie 5 ans, Revêtement antiadhésif L897DS04","Tefal Ingenio Emotion Batterie de cuisine 13 pièces, Acier inoxydable, Empilable, Garantie 5 ans, Revêtement antiadhésif L897DS04","89,99 €","179,99 €",,4.6,,,"Tefal Ingenio Emotion Batterie de cuisine 13 pièces, Acier inoxydable, Empilable, Garantie 5 ans, Revêtement antiadhésif L897DS04 4,6 / 5 Prix de comparaison 179,99 € 89,99 €",12313.28125,608.0,https://www.cdiscount.com/maison/cuisson/tefal-ingenio-emotion-batterie-de-cuisine-13-piece/f-1178901-tefl897ds04.html#cm_rr=PL:10402302:NH:CAR,https://www.cdiscount.com/b-431533-piscines-et-spa.html
52,1,piscine et spa,https://www.cdiscount.com/corner/op/operation/operation-plein-air/piscines-et-spa/l-14121080932.html,52,https://www.cdiscount.com/pdt2/6/4/4/1/400x400/aaarv12644/rw/trottinette-electrique-ausom-l1-moteur-a-pic-110.jpg,"Trottinette Électrique Ausom L1 - Moteur à Pic 1100W - Batterie 15.6Ah - Pneus Tubeless10"" - Suspension à Bras Oscillant-70km Portée","Trottinette Électrique Ausom L1 - Moteur à Pic 1100W - Batterie 15.6Ah - Pneus Tubeless10"" - Suspension à Bras Oscillant-70km Portée","389,00 €","649,00 €",,4.6,,,"Trottinette Électrique Ausom L1 - Moteur à Pic 1100W - Batterie 15.6Ah - Pneus Tubeless10"" - Suspension à Bras Oscillant-70km Portée 4,6 / 5 Prix de comparaison 649,00 € 389,00 €",12313.28125,800.0,https://www.cdiscount.com/le-sport/mobilite-urbaine/trottinette-electrique-ausom-l1-moteur-a-pic-110/f-1214801-aaarv12644.html#cm_rr=PL:10402302:NH:CAR,https://www.cdiscount.com/b-431533-piscines-et-spa.html
53,1,piscine et spa,https://www.cdiscount.com/corner/op/operation/operation-plein-air/piscines-et-spa/l-14121080932.html,53,https://www.cdiscount.com/pdt2/9/2/0/1/400x400/sch4046664081920/rw/tondeuse-thermique-autotractee-ms132-42-42cm.jpg,Tondeuse thermique autotractée MS132-42 - 42cm - 131 CC - SCHEPPACH,Tondeuse thermique autotractée MS132-42 - 42cm - 131 CC - SCHEPPACH,"169,99 €","229,99 €",,4.4,,,"Bon plan Tondeuse thermique autotractée MS132-42 - 42cm - 131 CC - SCHEPPACH 4,4 / 5 Prix de comparaison 229,99 € 169,99 €",12313.28125,992.0,https://www.cdiscount.com/jardin/outillage-de-jardin/tondeuse-thermique-autotractee-ms132-42-42cm/f-1632601-sch4046664081920.html#cm_rr=PL:10402302:NH:CAR,https://www.cdiscount.com/b-431533-piscines-et-spa.html
54,1,piscine et spa,https://www.cdiscount.com/corner/op/operation/operation-plein-air/piscines-et-spa/l-14121080932.html,54,https://www.cdiscount.com/pdt2/6/5/8/1/400x400/aaapo22658/rw/vactechpro-aspirateur-balai-sans-fil-35kpa-aspirat.jpg,"VACTechPro Aspirateur Balai sans Fil,35kPa Aspirateur sans Fil, 6-en-1, 35 Minutes d'Autonomie avec Batterie Amovible","VACTechPro Aspirateur Balai sans Fil,35kPa Aspirateur sans Fil, 6-en-1, 35 Minutes d'Autonomie avec Batterie Amovible","69,99 €","129,00 €",,4.7,,,"Plus responsable VACTechPro Aspirateur Balai sans Fil,35kPa Aspirateur sans Fil, 6-en-1, 35 Minutes d'Autonomie avec Batterie Amovible 4,7 / 5 Prix de comparaison 129,00 € 69,99 €",12313.28125,1184.0,https://www.cdiscount.com/electromenager/aspirateurs-nettoyeurs/vactechpro-aspirateur-balai-sans-fil-35kpa-aspirat/f-1101410-aaapo22658.html#cm_rr=PL:10402302:NH:CAR,https://www.cdiscount.com/b-431533-piscines-et-spa.html
55,1,piscine et spa,https://www.cdiscount.com/corner/op/operation/operation-plein-air/piscines-et-spa/l-14121080932.html,55,https://www.cdiscount.com/pdt2/7/5/2/1/400x400/aabvs78752/rw/raoo-min-tapis-de-course-pliable-1-12km-h-moteur.jpg,Tapis de Course - RAOO MIN - SD-380CM - Pliable - Vitesse 1-12 km/h - Inclinaison 9%,Tapis de Course - RAOO MIN - SD-380CM - Pliable - Vitesse 1-12 km/h - Inclinaison 9%,"119,99 €","239,99 €",,4.5,,,"Tapis de Course - RAOO MIN - SD-380CM - Pliable - Vitesse 1-12 km/h - Inclinaison 9% 4,5 / 5 Prix de comparaison 239,99 € 119,99 €",12313.28125,1376.0,https://www.cdiscount.com/le-sport/fitness-musculation-yoga/raoo-min-tapis-de-course-pliable-1-12km-h-moteur/f-1210411-aabvs78752.html#cm_rr=PL:10402302:NH:CAR,https://www.cdiscount.com/b-431533-piscines-et-spa.html
