order,filename,local_path,image_url,product_name,current_price,old_price,rating,review_count,product_url,category_name
001,001_spa-gonflable-6-personnes-carr-ospazia-jusqu-40-c-pr-t-en-5-.jpg,,https://www.cdiscount.com/pdt2/7/9/7/1/400x400/auc3700684106797/rw/spa-gonflable-6-personnes-carre-ospazia-jusqu-a.jpg,Spa Gonflable 6 personnes carré Ospazia - Jusqu’à 40°C - Prêt en 5 minutes - Couverture et filtre inclus,"699,00 €","699,00 €",4.1,40,https://www.cdiscount.com/jardin/spa/spa-gonflable-6-personnes-carre-ospazia-jusqu-a/f-1633001-auc3700684106797.html?idOffre=402533183&sw=2176a09e38a4770ef97846c149063d4f9b2d8c30b0f6cc77e47586da4daaf58d24c43550d87b66e5f4ee60e0c7cd4615f94e5cee3c764f44923a11e53f4cbf40e7fe3f2df541107a3c36802f40fad42de144b6e76b7fffd95aec282b86507c31896241311418cefbb6dc2be7769a01b5ea6a0bf78e5f971a10257eaa2eaa52c6115c53cb9df87e9566fb445d253f478e#mpos=1|mp,piscine et spa
002,002_kit-tout-inclus-bestway-spa-gonflable-rond-4-places-et-acces.jpg,,https://www.cdiscount.com/pdt2/5/0/4/1/400x400/bes6927088816504/rw/kit-tout-inclus-bestway-spa-gonflable-rond-4-pla.jpg,"KIT TOUT INCLUS BESTWAY : spa gonflable rond 4 places et accessoires : 2 appuis têtes, filtre, épuisette, brosse, gant et couverture","299,99 €","359,00 €",4.5,278,https://www.cdiscount.com/jardin/sauna/kit-tout-inclus-bestway-spa-gonflable-rond-4-pla/f-1630401-bes6927088816504.html?idOffre=4271605886&sw=2176a09e38a4770ef97846c149063d4f2127fe1c63ecd9d362f06a680966daed9b8a3a96f0af31f5cf04383ac4ca2e683b3c4d0d3ec819ebc54441d89274295aaa2eacc54ee5ed825d8e04743fa34ace4a88f6275f96efa9f819727ef0b387918e0d960ff9577e7ca1581e43e9fe3de1d4ea3360bb242942003f141b8bc40fcdae596465061ae22fadd394b4d33edb03#mpos=2|cd,piscine et spa
003,003_kit-tout-inclus-sunspa-spa-gonflable-carr-6-places-et-access.jpg,,https://www.cdiscount.com/pdt2/5/9/7/1/400x400/auc3700684100597/rw/kit-tout-inclus-sunspa-spa-gonflable-carre-6-plac.jpg,"KIT TOUT INCLUS SUNSPA: spa gonflable carré 6 places et accessoires : 4 appuis têtes, filtre, épuisette, brosse, tapis, couverture","339,99 €","655,95 €",3.9,245,https://www.cdiscount.com/jardin/spa/kit-tout-inclus-sunspa-spa-gonflable-carre-6-plac/f-1633001-auc3700684100597.html#mpos=3|cd,piscine et spa
004,004_kit-piscine-hors-sol-tubulaire-intex-ultra-xtr-732-x-366-x-1.jpg,,https://www.cdiscount.com/pdt2/4/g/n/1/400x400/int26364gn/rw/kit-piscine-hors-sol-tubulaire-intex-ultra-xtr.jpg,Kit Piscine hors sol tubulaire INTEX - Ultra XTR - 732 x 366 x 132 cm - Rectangulaire (Filtre à sable + accessoires) - 26364GN,"969,00 €",,4.6,19,https://www.cdiscount.com/jardin/piscine/kit-piscine-hors-sol-tubulaire-intex-ultra-xtr/f-1631801-int26364gn.html?idOffre=322630028&sw=2176a09e38a4770ef97846c149063d4f2127fe1c63ecd9d362f06a680966daed726e0cf18f67d674aad1c5976bab7732766385e41abbb4104f5a7d994b082ca02ca3b4aaf9b13cd3dafa1eb6449824fe7b05d51ff553041474e837f23d56dc494f0b4265b5102a606d774ac521315782ef00959575f6d8d7f6416ecb46c084b97000d8adb1b418c79e6ac46018c90cb7#mpos=4|cd,piscine et spa
005,005_robot-de-piscine-sans-fil-wybot-c2-double-filtration-ultra-f.jpg,,https://www.cdiscount.com/pdt2/8/7/9/1/400x400/aaaqn67879/rw/robot-de-piscine-sans-fil.jpg,Robot de Piscine Sans Fil Wybot C2 - Double Filtration Ultra-Fine - Batterie grande autonomie - Application Smartphone,"569,00 €",,4.5,26,https://www.cdiscount.com/jardin/piscine/robot-de-piscine-sans-fil/f-163180201-aaaqn67879.html?idOffre=4216843352&sw=2176a09e38a4770ef97846c149063d4f9b2d8c30b0f6cc77e47586da4daaf58df1f10146ece5ef691cd6c129c174c7945d6ca3b1d25281a48aaf65431eae43954246dd87c56018b1a8a70dbb40213fddb048665ace2d4238b7bf9df96337369aab358fab9ee38b9e826b8b50eb6bf87aee39b7a079dc6d5d207c0b0febd92aeea658576895412082419d628e6ca1932f#mpos=5|mp,piscine et spa
006,006_kit-piscine-hors-sol-tubulaire-intex-pris-frame-610-x-305-x-.jpg,,https://www.cdiscount.com/pdt2/8/n/p/1/400x400/int26798np/rw/kit-piscine-hors-sol-tubulaire-intex-pris-frame.jpg,"Kit Piscine hors sol tubulaire INTEX - Pris Frame - 610 x 305 x 122 cm - Ovale (Pompe, bâche, tapis de sol et échelle) - 26798NP","639,00 €",,4.8,41,https://www.cdiscount.com/jardin/piscine/kit-piscine-hors-sol-tubulaire-intex-pris-frame/f-1631801-int26798np.html?idOffre=301960856&sw=2176a09e38a4770ef97846c149063d4f2127fe1c63ecd9d362f06a680966daed726e0cf18f67d674aad1c5976bab7732da73ed3a694d4943d914c5331308661eaa8ba4be6b7d6911149e5ac4d0592ff91f24cae1b09589f9d638bf2c335141d7a459810fb037d90020695a16264aa301f186bc3e302f4505cba6ea99959c07dacb17f5c76c5ae760ecefd81e982ec632#mpos=6|cd,piscine et spa
007,007_kit-piscine-hors-sol-tubulaire-bestway-steel-pro-max-366-x-1.jpg,,https://www.cdiscount.com/pdt2/2/4/4/1/400x400/bes6942138982244/rw/kit-piscine-hors-sol-tubulaire-bestway-steel-pro-m.jpg,"Kit Piscine hors sol tubulaire BESTWAY Steel Pro Max - 366 x 122 cm - Ronde (Livrée avec un filtre à cartouche, échelle, bâche)","319,99 €",,4.1,84,https://www.cdiscount.com/jardin/piscine/kit-piscine-hors-sol-tubulaire-bestway-steel-pro-m/f-1631801-bes6942138982244.html?idOffre=660545633&sw=2176a09e38a4770ef97846c149063d4f2127fe1c63ecd9d362f06a680966daedc47f43548a5d90f5c35a7cd6bd616e92b160224e5c2c411087ae5ef48b32138275fa46dfa6bde9ef7b3ad1946c55c304a9e9dcfecc2282dbffbca674aa147186d00d08d9a9bcf11f32b20c73891f44068ee9040aa0e3fab961e2c8bbc6ec990e035cbf63b8b95d097a34369e8e6bd21a#mpos=7|cd,piscine et spa
008,008_airrobo-pc10-robot-de-piscine-sans-fil-des-parois-et-de-la-l.jpg,,https://www.cdiscount.com/pdt2/9/6/8/1/400x400/aaahz92968/rw/robot-piscine-sans.jpg,"AIRROBO PC10 Robot de Piscine sans Fil,des Parois et de la Ligne d' Eau,120Min & 170m² d'Autonomie,Forte Puissance d’Aspiration","359,00 €",20 €,4.4,30,https://www.cdiscount.com/jardin/piscine/robot-piscine-sans/f-163180201-aaahz92968.html?idOffre=4207862115&sw=2176a09e38a4770ef97846c149063d4f3444c06a53bc137d7b68ffd1dd4f0e7a206680623f43bc2317ed6e1d5fc5f1b53fe12fd6c0dce036816af3fb24b90e5cf92539b8bafe4858a618e16a2da5d5891e8073e40de7ea57acb8d377c18e94747690211fb798c4a39f3caaedd79233a9e3f52169ed9240c36838059a43f19f9ca7a1015593e24c8360b73856db82a143#mpos=8|mp,piscine et spa
009,009_intex-26356gn-kit-piscine-ultra-xtr-rectangulaire-tubulaire-.jpg,,https://www.cdiscount.com/pdt2/6/g/n/1/400x400/int26356gn/rw/intex-26356gn-kit-piscine-ultra-xtr-rectangula.jpg,"Intex - 26356GN - Kit piscine ultra xtr rectangulaire tubulaire 5,49 x 2,74 x 1,32m","707,87 €",,4.7,41,https://www.cdiscount.com/jardin/piscine/intex-26356gn-kit-piscine-ultra-xtr-rectangula/f-1631801-int26356gn.html#mpos=9|cd,piscine et spa
010,010_robot-aspirateur-bestway-quartz-rechargeable-et-autonome-net.jpg,,https://www.cdiscount.com/pdt2/1/2/3/1/400x400/bes6941607393123/rw/robot-aspirateur-bestway-quartz-rechargeable.jpg,Robot aspirateur - Bestway - Quartz - Rechargeable et autonome - nettoyage fond plat - 10 m² max,"69,99 €","89,00 €",4.6,45,https://www.cdiscount.com/jardin/piscine/robot-aspirateur-bestway-quartz-rechargeable/f-163180201-bes6941607393123.html?idOffre=4184608394&sw=2176a09e38a4770ef97846c149063d4f2127fe1c63ecd9d362f06a680966daedcffa4c739498fa203a8451d001e56764cd948b6c29c6ff057daeda890957c21b5ce626ea52394c05896cc78348dfb375a5cbe07203da7fbd407f44db9491cfe8adde68f0441fbd8077acc9461662856022ccdad2c30ebab835492640e862e20f46414ce6ad6047dde33a431c6957dd74#mpos=10|cd,piscine et spa
011,011_kit-piscine-hors-sol-tubulaire-bestway-steel-pro-max-404-x-2.jpg,,https://www.cdiscount.com/pdt2/1/1/0/1/400x400/bes6941607366110/rw/kit-piscine-hors-sol-tubulaire-bestway-steel-pro.jpg,"Kit Piscine hors sol tubulaire BESTWAY - Steel Pro Max™ - 404 x 201 x 100 cm - Rectangulaire (Filtre à cartouche, échelle)","309,00 €",,,,https://www.cdiscount.com/jardin/piscine/kit-piscine-hors-sol-tubulaire-bestway-steel-pro/f-1631801-bes6941607366110.html?idOffre=4172189211&sw=2176a09e38a4770ef97846c149063d4f2127fe1c63ecd9d362f06a680966daedc47f43548a5d90f5c35a7cd6bd616e92b160224e5c2c411087ae5ef48b32138275fa46dfa6bde9ef7b3ad1946c55c3045d47c6c717001589b2102937b1c9c5775d9c6982e1b478de4de9c174fde6baddf9dbcc80783e0a0a816386b5f052f90b3f65ef59b2c355a16f3934340ac1a248#mpos=11|cd,piscine et spa
012,012_robot-piscine-airrobo-cp40-nettoyage-fond-et-paroi-autonomie.jpg,,https://www.cdiscount.com/pdt2/0/6/7/1/400x400/aabzw84067/rw/airrobo-pc20-robot-de-piscine.jpg,"Robot Piscine AIRROBO CP40,Nettoyage Fond et Paroi, Autonomie 120min (170m²), Application, Grand Panier 4L","419,00 €",20 €,4.9,7,https://www.cdiscount.com/jardin/piscine/airrobo-pc20-robot-de-piscine/f-163180201-aabzw84067.html?idOffre=4284199567&sw=2176a09e38a4770ef97846c149063d4f2127fe1c63ecd9d362f06a680966daed038cff417b590f89648d536d3e3e2a9d1ed736e90c7693a94dec06e488ed039b24eacbac18df49f96fa4d8f182595dc2ebc6213123543b5be8af89d3e30a4615e85032cfb8b9a0f1a5492b3e0e1d4c47806dac0a4a213c1eefa3dbbbf63a0bfb077b84d48bf00dc8e1e80135f8d5b732#mpos=12|mp,piscine et spa
013,013_filtre-sable-pompe-de-filtration-pour-piscine-jusqu-42-m3-be.jpg,,https://www.cdiscount.com/pdt2/3/2/0/1/400x400/bes6941607361320/rw/filtre-a-sable-pompe-de-filtration-pour-piscine.jpg,Filtre à sable / pompe de filtration pour piscine jusqu'à 42 m3- Bestway - 6 056 L/h - Avec préfiltre,"179,00 €","179,00 €",4.5,72,https://www.cdiscount.com/jardin/piscine/filtre-a-sable-pompe-de-filtration-pour-piscine/f-163180302-bes6941607361320.html#mpos=13|cd,piscine et spa
014,014_kit-piscine-hors-sol-tubulaire-intex-ultra-xtr-732-x-366-x-1.jpg,,https://www.cdiscount.com/pdt2/b/0/5/1/400x400/bunintpisrob05/rw/kit-piscine-hors-sol-tubulaire-intex-ultra-xtr.jpg,Kit Piscine hors sol tubulaire INTEX - Ultra XTR - 732 x 366 x 132 cm - Rectangulaire (Filtre à sable) + Robot aspirateur Intex,"1118,00 €",,,,https://www.cdiscount.com/jardin/piscine/kit-piscine-hors-sol-tubulaire-intex-ultra-xtr/f-1631801-bunintpisrob05.html#mpos=14|cd,piscine et spa
015,015_mspa-spa-rigide-connect-carr-180cm-oslo-aero-plus-6-places-l.jpg,,https://www.cdiscount.com/pdt2/8/7/6/1/400x400/aacpo17876/rw/mspa---spa-rigide-connect.jpg,MSPA - Spa rigide connecté carré 180cm OSLO AERO PLUS - 6 places + lot de 8 filtres,"2199,00 €",,,,https://www.cdiscount.com/jardin/spa/mspa---spa-rigide-connect/f-1633001-aacpo17876.html?idOffre=4301626010&sw=2176a09e38a4770ef97846c149063d4f9b2d8c30b0f6cc77e47586da4daaf58d7d267739cac6fbc28b853d680aa2dacfc8a2f3c37f2ed6fc94d9b3befc6e5e1929ecd169829604ba40a43baa64f66117cd53033e99da4b81525e184144d5e93c02d1c44bbe7ee5a7342d90fddcecc45342525705a95971f4d706afe8b63d87221647f5d203fc733eafdb4982522e2426#mpos=15|mp,piscine et spa
016,016_robot-de-piscine-sans-fil-wybot-a1-autonomie-120-min-nettoya.jpg,,https://www.cdiscount.com/pdt2/0/6/0/1/400x400/aaanh00060/rw/wybot-a1--robot-de-piscine.jpg,Robot de piscine sans fil - WYBOT - A1 - Autonomie 120 min - Nettoyage automatique - Double filtration,"199,00 €",,4.3,52,https://www.cdiscount.com/jardin/piscine/wybot-a1--robot-de-piscine/f-163180201-aaanh00060.html?idOffre=4191663999&sw=2176a09e38a4770ef97846c149063d4f9b2d8c30b0f6cc77e47586da4daaf58df1f10146ece5ef691cd6c129c174c7944c13af26a848b19867c0995b6c94ab3d04df7faeea982e42b2abf222f7eecacd4e1e7b8b2c5f595c4ae9f3fade11551535e63aeea45648407f802ea2d241970d0afc9c4c7dcbd7e11c8feca37506a05729204338d19c1f1da51420b82c1255ab#mpos=16|mp,piscine et spa
017,017_robot-piscine-sans-fil-airrobo-cp02-nettoyage-du-fond-hors-s.jpg,,https://www.cdiscount.com/pdt2/3/3/4/1/400x400/aackg75334/rw/airrobo-cp02-lite-robot-de.jpg,"Robot Piscine sans Fil AIRROBO CP02 Nettoyage du Fond, Hors-Sol jusqu'à 80m², Autonomie 120 min, Double Filtre 250 microns, IP68","149,99 €","299,99 €",2,3,https://www.cdiscount.com/jardin/piscine/airrobo-cp02-lite-robot-de/f-163180201-aackg75334.html?idOffre=4294199171&sw=2176a09e38a4770ef97846c149063d4f2127fe1c63ecd9d362f06a680966daedff72930a51b016c9ca197dd553ccd211cd09b11eb2017cc7af327de408d46d55ca1f94b59cc1e8115a0889bcb0da69db2c8bf74ece2cc29d65cdadd3333c24ce6b637eee47e1dcf1e787e0adc68124b37320bbbc36bf152dc53ef895de7a835af39cc173372d492fce8bf6b195d0cfa5#mpos=17|mp,piscine et spa
018,018_pompe-filtre-sable-10-2m-auto-amor-ante-piscines-35m-certifi.jpg,,https://www.cdiscount.com/pdt2/8/0/0/1/400x400/auc4250525304800/rw/pompe-filtre-a-sable-10-200l-h-400w-2en1-raccord-3.jpg,"Pompe filtre à sable 10,2m³ auto-amorçante piscines 35m³ certifié TÜV vanne 7 voies raccord Ø32-38mm système de filtration à sable","149,99 €",,4.3,295,https://www.cdiscount.com/jardin/piscine/pompe-filtre-a-sable-10-200l-h-400w-2en1-raccord-3/f-163180302-auc4250525304800.html?idOffre=93113649&sw=2176a09e38a4770ef97846c149063d4f2127fe1c63ecd9d362f06a680966daed087cb8fe326d15b9bdd60e93d3513f1502fb7d52e188e80fda233be215705fed9c6e2fae2e55cb4658e3be2b8628c8c185c1f00a5baf864555a5c5d4fa83fdb34fb3bcab7012c273ac72aa8995958d9ecf1e7313e9c542c44ae35a0eba0b80eadf9e18e89947b6c8e2cf7dea5d478670#mpos=18|mp,piscine et spa
019,019_kit-piscine-hors-sol-tubulaire-bestway-steel-pro-max-427-x-2.jpg,,https://www.cdiscount.com/pdt2/b/0/3/1/400x400/bunbespiscrob03/rw/kit-piscine-hors-sol-tubulaire-bestway-steel-pro.jpg,Kit Piscine hors sol tubulaire BESTWAY - Steel Pro MAX™ - 427 x 250 x 100 cm - Ovale + Robot piscine Quartz,"399,99 €","518,00 €",4.3,112,https://www.cdiscount.com/jardin/piscine/kit-piscine-hors-sol-tubulaire-bestway-steel-pro/f-1631801-bunbespiscrob03.html#mpos=19|cd,piscine et spa
020,020_spino-e1-robot-piscine-sans-fil-nettoie-fond-parois-et-ligne.jpg,,https://www.cdiscount.com/pdt2/0/3/9/1/400x400/aabhj30039/rw/spino-e1-robot-piscine-sans-fil-nettoie-fond-paro.jpg,"Spino E1 Robot Piscine Sans Fil, Nettoie Fond Parois et Ligne d'Eau, avec App, Trajet SmartArc, 210 Min & 150m² d'Autonomie","499,00 €",20 €,5,2,https://www.cdiscount.com/jardin/piscine/spino-e1-robot-piscine-sans-fil-nettoie-fond-paro/f-163180201-aabhj30039.html?idOffre=4258274714&sw=2176a09e38a4770ef97846c149063d4f2127fe1c63ecd9d362f06a680966daed72b79a502c31764c5ed443c9ed691c7b3bbe9583aaa7d341e556dbafd8d4887f15b2f8e6eb81fd3d4595796edb0d1364ab35c7b4d4622bd4f337971913416905ec7260b9720b30e93bbdd8cbfb9468699bd4845c5fb14b83152bfc9f8275ed724116024bc7963ccf1a9874cd6ad9651d#mpos=20|mp,piscine et spa
021,021_spa-semi-rigide-bestway-lay-z-spa-toronto-smart-airjet-7-pla.jpg,,https://www.cdiscount.com/pdt2/3/5/9/1/400x400/bes1736357321359/rw/spa-semi-rigide-bestway-lay-z-spa-toronto-smart-ai.jpg,Spa semi-rigide Bestway Lay-Z-Spa TORONTO Smart Airjet 7 places,"749,00 €",,,,https://www.cdiscount.com/jardin/spa/spa-semi-rigide-bestway-lay-z-spa-toronto-smart-ai/f-1633001-bes1736357321359.html?idOffre=4298758516&sw=2176a09e38a4770ef97846c149063d4f2127fe1c63ecd9d362f06a680966daed0c6f9edbd78b49e358d0e75c26dae9da93246a76082ac9cb6fc2681efef18072c4e804ea48a2d99a7b9c07497d1f9fc216d3c88b3319b02a233bcf4bc8f688739af8e79445dd3d8c1bb6f864d36f131b10e5b093e3a6de78f7b93b29025dcac1267152a47c81504345d57fff523dc4e4#mpos=21|mp,piscine et spa
022,022_kit-piscine-hors-sol-tubulaire-bestway-steel-pro-max-427-x-2.jpg,,https://www.cdiscount.com/pdt2/4/3/1/1/400x400/bes6941607366431/rw/kit-piscine-hors-sol-tubulaire-bestway-steel-pro.jpg,"Kit Piscine hors sol tubulaire BESTWAY - Steel Pro MAX™ - 427 x 250 x 100 cm - Ovale (Avec filtre à cartouche, cartouche et échelle)","387,38 €",,4.3,112,https://www.cdiscount.com/jardin/piscine/kit-piscine-hors-sol-tubulaire-bestway-steel-pro/f-1631801-bes6941607366431.html#mpos=22|cd,piscine et spa
023,023_kit-piscine-hors-sol-tubulaire-bestway-apx-365-549-x-274-x-1.jpg,,https://www.cdiscount.com/pdt2/6/5/6/1/400x400/bes6941607365656/rw/kit-piscine-hors-sol-tubulaire-bestway-apx-365.jpg,"Kit Piscine hors sol tubulaire BESTWAY - APX 365 - 549 x 274 x 132 cm - Rectangulaire (Filtre à sable, 250g polysphère, échelle, bâc","744,00 €",,4.5,6,https://www.cdiscount.com/jardin/piscine/kit-piscine-hors-sol-tubulaire-bestway-apx-365/f-1631801-bes6941607365656.html#mpos=23|cd,piscine et spa
024,024_kit-piscine-hors-sol-tubulaire-intex-ultra-xtr-975-x-488-x-1.jpg,,https://www.cdiscount.com/pdt2/4/g/n/1/400x400/int26374gn/rw/kit-piscine-hors-sol-tubulaire-intex-ultra-xtr.jpg,Kit Piscine hors sol tubulaire INTEX - Ultra XTR - 975 x 488 x 132 cm - Rectangulaire (Filtre à sable + accessoires) - 26374GN,"1203,04 €",,5,4,https://www.cdiscount.com/jardin/piscine/kit-piscine-hors-sol-tubulaire-intex-ultra-xtr/f-1631801-int26374gn.html?idOffre=322630039&sw=2176a09e38a4770ef97846c149063d4f2127fe1c63ecd9d362f06a680966daed726e0cf18f67d674aad1c5976bab7732766385e41abbb4104f5a7d994b082ca02ca3b4aaf9b13cd3dafa1eb6449824feff883cf6a58e2822cbe3400ecd9774bf3aadde29c7811ce7d853afe49524fdb606f31df6143643c0338349058638f3151682660fd85cecaade1ac2de9ba1bfd1#mpos=24|cd,piscine et spa
025,025_filtre-sable-intex-sx3200-10m-h-pour-piscine-jusqu-65m.jpg,,https://www.cdiscount.com/pdt2/2/f/r/1/400x400/int26652fr/rw/filtre-a-sable-intex-sx3200-10m3-h-pour-piscine-ju.jpg,Filtre à sable Intex SX3200 10m³/h pour piscine jusqu'à 65m³,"182,82 €","289,00 €",4.5,37,https://www.cdiscount.com/jardin/piscine/filtre-a-sable-intex-sx3200-10m3-h-pour-piscine-ju/f-163180302-int26652fr.html#mpos=25|cd,piscine et spa
026,026_robot-de-piscine-wybot-osprey-800-sans-fil-autonomie-150-min.jpg,,https://www.cdiscount.com/pdt2/0/9/5/1/400x400/aacrf48095/rw/osprey-800-robot-piscine-sans.jpg,Robot de piscine - WYBOT - Osprey 800 - Sans fil - Autonomie 150 min - Filtration 180 microns,"466,00 €",,5,2,https://www.cdiscount.com/jardin/piscine/osprey-800-robot-piscine-sans/f-163180201-aacrf48095.html#mpos=26|mp,piscine et spa
027,027_filtre-sable-pompe-de-filtration-pour-piscine-jusqu-18-m3-be.jpg,,https://www.cdiscount.com/pdt2/4/7/4/1/400x400/bes6941607361474/rw/filtre-a-sable-pompe-de-filtration-pour-piscine.jpg,Filtre à sable / pompe de filtration pour piscine jusqu'à 18 m3- Bestway - 3 596 L/h - Avec préfiltre,"79,99 €","99,00 €",4.6,183,https://www.cdiscount.com/jardin/piscine/filtre-a-sable-pompe-de-filtration-pour-piscine/f-163180302-bes6941607361474.html#mpos=27|cd,piscine et spa
028,028_spa-gonflable-intex-olive-196-x-196-x-71-cm-4-places-carr-28.jpg,,https://www.cdiscount.com/pdt2/8/7/4/1/400x400/int6941057430874/rw/spa-gonflable-intex-olive-196-x-196-x-71-cm.jpg,Spa gonflable INTEX - Olive - 196 x 196 x 71 cm - 4 places - Carré - 28426NP,"399,00 €","399,00 €",,,https://www.cdiscount.com/jardin/spa/spa-gonflable-intex-olive-196-x-196-x-71-cm/f-1633001-int6941057430874.html#mpos=28|cd,piscine et spa
029,029_kit-piscine-hors-sol-tubulaire-intex-pris-frame-503-x-274-x-.jpg,,https://www.cdiscount.com/pdt2/6/n/p/1/400x400/26796np/rw/kit-piscine-hors-sol-tubulaire-intex-pris-frame.jpg,"Kit Piscine hors sol tubulaire INTEX - Pris Frame - 503 x 274 x 122 cm - Ovale (Pompe, bâche, tapis de sol et échelle) - 26796NP","490,00 €",,4.3,72,https://www.cdiscount.com/jardin/piscine/kit-piscine-hors-sol-tubulaire-intex-pris-frame/f-1631801-26796np.html#mpos=29|cd,piscine et spa
030,030_airrobo-cp20-robot-piscine-aspirateur-de-piscine-sans-fil-po.jpg,,https://www.cdiscount.com/pdt2/7/5/8/1/400x400/aabzw81758/rw/airrobo-pc10-robot-de-piscine.jpg,"AIRROBO CP20 Robot Piscine, Aspirateur de Piscine sans Fil pour Sols, 120Min & 170m² d'Autonomie,Forte Puissance d’Aspiration","409,00 €","699,00 €",4.6,5,https://www.cdiscount.com/jardin/piscine/airrobo-pc10-robot-de-piscine/f-163180201-aabzw81758.html?idOffre=4284199575&sw=2176a09e38a4770ef97846c149063d4f2127fe1c63ecd9d362f06a680966daed74c0439cab8af740ab5b17478910195d209604d19b807e5d1eb33cd4a1e84cdd37ea48667d8fc334b8f876f7dd606cfac1b5857664ff13c4acc8f7792f80c0cd9633b7b82f23e22b7ef7012f608647307c8359ebc9bb5f2816101e5494d4055c7a149763d3b4cf53db73702bf6da158e#mpos=30|mp,piscine et spa
031,031_kit-piscine-hors-sol-tubulaire-bestway-steel-pro-max-305-x-2.jpg,,https://www.cdiscount.com/pdt2/9/4/6/1/400x400/bes6941607365946/rw/kit-piscine-hors-sol-tubulaire-bestway-steel-pro.jpg,Kit Piscine hors sol tubulaire BESTWAY - Steel Pro MAX™ - 305 x 200 x 84 cm - Ovale (Livrée avev filtre à cartouche et 1 cartouche),"259,00 €",,4,25,https://www.cdiscount.com/jardin/piscine/kit-piscine-hors-sol-tubulaire-bestway-steel-pro/f-1631801-bes6941607365946.html#mpos=31|cd,piscine et spa
032,032_robot-de-piscine-sans-fil-wybot-c2-vision-smart-vision-8-mod.jpg,,https://www.cdiscount.com/pdt2/4/5/7/1/400x400/aaape86457/rw/wybot-c2-vision--robot-de.jpg,Robot de Piscine Sans Fil - WYBOT - C2 Vision - Smart Vision - 8 Modes de Nettoyage - 180 min Autonomie,"719,00 €",,4.7,17,https://www.cdiscount.com/jardin/piscine/wybot-c2-vision--robot-de/f-163180201-aaape86457.html?idOffre=4201785910&sw=2176a09e38a4770ef97846c149063d4f9b2d8c30b0f6cc77e47586da4daaf58df1f10146ece5ef691cd6c129c174c7945d6ca3b1d25281a48aaf65431eae43954246dd87c56018b1a8a70dbb40213fdd378db9a523102ce1db27aaaa293e1f73f655cf9fa857e751a91101f1d28b9ce4862e8be8c3ab42caf4727f26c75ae5ac7ddbe8328f67e259f5a70e4e898a04e9#mpos=32|mp,piscine et spa
033,033_filtre-sable-intex-sx1500-4m3-h-pour-piscine-jusqu-24m3.jpg,,https://www.cdiscount.com/pdt2/4/f/r/1/400x400/int26644fr/rw/filtre-a-sable-intex-sx1500-4m3-h-pour-piscine-jus.jpg,Filtre à sable Intex SX1500 4m3/h pour piscine jusqu'à 24m3,"119,63 €",,4.6,345,https://www.cdiscount.com/jardin/piscine/filtre-a-sable-intex-sx1500-4m3-h-pour-piscine-jus/f-163180302-int26644fr.html#mpos=33|cd,piscine et spa
034,034_spa-gonflable-bestway-lay-z-spa-mauritius-avec-wifi-airjet-1.jpg,,https://www.cdiscount.com/pdt2/5/0/5/1/400x400/bes6941607348505/rw/spa-gonflable-bestway-lay-z-spa-mauritius-avec.jpg,Spa gonflable BESTWAY - Lay-Z-Spa Mauritius - Avec Wifi - Airjet 180 Airjets - 270 x 180 x 71 cm - 5 à 7 places - Rectangulaire,"649,00 €","649,00 €",4.6,24,https://www.cdiscount.com/jardin/spa/spa-gonflable-bestway-lay-z-spa-mauritius-avec/f-1633001-bes6941607348505.html#mpos=34|cd,piscine et spa
035,035_spa-intex-purespa-olive-8-places-170-diffuseurs-bulles.jpg,,https://www.cdiscount.com/pdt2/2/7/4/1/400x400/lin6941057429274/rw/spa-intex-purespa-olive-8-places-170-diffu.jpg,Spa - INTEX - PureSpa Olive - 8 places - 170 diffuseurs à bulles,"599,00 €",,5,3,https://www.cdiscount.com/jardin/spa/spa-intex-purespa-olive-8-places-170-diffu/f-1633001-lin6941057429274.html#mpos=35|cd,piscine et spa
036,036_spa-gonflable-bestway-lay-z-spa-hollywood-140-airjets-180-x-.jpg,,https://www.cdiscount.com/pdt2/3/4/0/1/400x400/bes6941607369340/rw/spa-gonflable-bestway-lay-z-spa-hollywood-140.jpg,"Spa gonflable BESTWAY - Lay-Z-Spa Hollywood - 140 airjets - 180 x 180 x 66 cm - 4 à 6 places - Carré (couverture, cartouche)","499,00 €",,5,3,https://www.cdiscount.com/jardin/spa/spa-gonflable-bestway-lay-z-spa-hollywood-140/f-1633001-bes6941607369340.html#mpos=36|cd,piscine et spa
037,037_kit-piscine-hors-sol-tubulaire-intex-pris-frame-457-x-122-cm.jpg,,https://www.cdiscount.com/pdt2/5/3/7/1/400x400/int6941057418537/rw/kit-piscine-hors-sol-tubulaire-intex-pris-frame.jpg,"Kit Piscine hors sol tubulaire INTEX - Pris Frame - 457 x 122 cm - Ronde (Pompe, bâche, tapis de sol et échelle) - 26742NP","398,99 €",,3.9,31,https://www.cdiscount.com/jardin/piscine/kit-piscine-hors-sol-tubulaire-intex-pris-frame/f-1631801-int6941057418537.html#mpos=37|mp,piscine et spa
038,038_kit-piscine-hors-sol-tubulaire-intex-graphite-400-x-300-cm-r.jpg,,https://www.cdiscount.com/pdt2/6/7/8/1/400x400/int6941057423678/rw/kit-piscine-hors-sol-tubulaire-intex-graphite.jpg,"Kit Piscine hors sol tubulaire INTEX - Graphite - 400 x 300 cm - Rectangulaire (Echelle, vannes, filtre, bâche) - 26396GN","1390,00 €",,,,https://www.cdiscount.com/jardin/piscine/kit-piscine-hors-sol-tubulaire-intex-graphite/f-1631801-int6941057423678.html?idOffre=2443480986&sw=2176a09e38a4770ef97846c149063d4f3444c06a53bc137d7b68ffd1dd4f0e7aa3a368256d093e90b899cfd182ec58a470c6b125cbdf22b862f4a131a2646aff6c418441ca874a919b3b0130922975962b01b92d29d61789048be5b88b545e0679c6f69449662baf323768701ffd801c97142b6455b792a63019636b72159375d0e64801c39b436b48deb32b24cc76e0#mpos=38|mp,piscine et spa
039,039_kit-piscine-hors-sol-tubulaire-bestway-steel-pro-max-366-x-1.jpg,,https://www.cdiscount.com/pdt2/4/3/5/1/400x400/bes6942138982435/rw/kit-piscine-hors-sol-tubulaire-bestway-steel-pro-m.jpg,Kit Piscine hors sol tubulaire BESTWAY Steel Pro Max™- 366 x 100 cm - Ronde (Livrée avec filtre à cartouche + échelle de sécurité),"229,00 €",,4.4,37,https://www.cdiscount.com/jardin/piscine/kit-piscine-hors-sol-tubulaire-bestway-steel-pro-m/f-1631801-bes6942138982435.html#mpos=39|mp,piscine et spa
040,040_spa-gonflable-6-places-relxtime-carr-130-micro-jets-temp-rat.jpg,,https://www.cdiscount.com/pdt2/0/3/3/1/400x400/aaaro05033/rw/spa-gonflable-6-places-carr.jpg,Spa gonflable 6 places - RELXTIME - Carré - 130 micro-jets - Température jusqu'à 40°C - Noir,"369,00 €","599,00 €",,,https://www.cdiscount.com/jardin/spa/spa-gonflable-6-places-carr/f-1633001-aaaro05033.html#mpos=40|mp,piscine et spa
041,041_kit-piscine-hors-sol-tubulaire-bestway-steel-pro-max-422-x-2.jpg,,https://www.cdiscount.com/pdt2/2/4/0/1/400x400/bes6941607366240/rw/kit-piscine-hors-sol-tubulaire-bestway-steel-pro.jpg,"Kit Piscine hors sol tubulaire BESTWAY - Steel Pro Max - 422 x 201 x 122 cm - Rectangulaire (Filtre à cartouche, échelle, 1 cartouch","444,69 €",,4.1,9,https://www.cdiscount.com/jardin/piscine/kit-piscine-hors-sol-tubulaire-bestway-steel-pro/f-1631801-bes6941607366240.html#mpos=41|cd,piscine et spa
042,042_filtre-sable-pompe-de-filtration-pour-piscine-jusqu-42-m3-be.jpg,,https://www.cdiscount.com/pdt2/y/0/2/1/400x400/besfiltpoly02/rw/filtre-a-sable-pompe-de-filtration-pour-piscine.jpg,Filtre à sable / pompe de filtration pour piscine jusqu'à 42 m3- Bestway - 6 056 L/h - Avec préfiltre + Boules Polysphère - 500gr,"136,94 €","185,95 €",4.5,72,https://www.cdiscount.com/jardin/piscine/filtre-a-sable-pompe-de-filtration-pour-piscine/f-163180302-besfiltpoly02.html#mpos=42|cd,piscine et spa
043,043_filtre-sable-intex-sx925-2m3-h-jusqu-17m3.jpg,,https://www.cdiscount.com/pdt2/1/7/6/1/400x400/int6941057422176/rw/filtre-a-sable-intex-sx925-2m3-h-jusqu-a-17m3.jpg,Filtre à sable Intex SX925 2m3/h jusqu'à 17m3,"84,84 €","99,00 €",4,103,https://www.cdiscount.com/jardin/piscine/filtre-a-sable-intex-sx925-2m3-h-jusqu-a-17m3/f-163180302-int6941057422176.html#mpos=43|cd,piscine et spa
044,044_spa-gonflable-sunspa-ac02-185-x-65-cm-6-places-carr-livr-ave.jpg,,https://www.cdiscount.com/pdt2/1/2/1/1/400x400/sun3700684107121/rw/spa-gonflable-sunspa-ac02-185-x-65-cm-6-plac.jpg,"Spa gonflable SUNSPA - AC02 - 185 x 65 cm - 6 places - Carré (Livré avec filtre, cadenas, tapis de sol et couverture)","389,99 €","599,00 €",3.9,246,https://www.cdiscount.com/jardin/spa/spa-gonflable-sunspa-ac02-185-x-65-cm-6-plac/f-1633001-sun3700684107121.html#mpos=44|cd,piscine et spa
045,045_kit-piscine-graphite-4-78-x-1-24-m-intex.jpg,,https://www.cdiscount.com/pdt2/6/8/1/1/400x400/int6941057421681/rw/kit-piscine-graphite-4-78-x-1-24-m-intex.jpg,"Kit Piscine Graphite 4,78 x 1,24 m - Intex","944,00 €",,3.8,4,https://www.cdiscount.com/jardin/piscine/kit-piscine-graphite-4-78-x-1-24-m-intex/f-1631801-int6941057421681.html#mpos=45|cd,piscine et spa
046,046_robot-piscine-sans-fil-aiper-scuba-s1.jpg,,https://www.cdiscount.com/pdt2/6/5/0/1/400x400/auc1739480671650/rw/robot-piscine-sans-fil-aiper-scuba-s1.jpg,Robot piscine sans fil Aiper Scuba S1,"549,00 €",,4,5,https://www.cdiscount.com/jardin/piscine/robot-piscine-sans-fil-aiper-scuba-s1/f-163180201-auc1739480671650.html#mpos=46|mp,piscine et spa
047,047_spa-gonflable-bestway-lay-z-spa-aruba-170-x-66-cm-2-3-places.jpg,,https://www.cdiscount.com/pdt2/0/4/1/1/400x400/bes6941607305041/rw/spa-gonflable-bestway-lay-z-spa-aruba-170-x-66.jpg,"Spa gonflable BESTWAY - Lay-Z-Spa Aruba - 170 x 66 cm - 2 à 3 places - Rond (Inclus : couverture, cartouche et diffuseur)","279,65 €","329,00 €",4.6,15,https://www.cdiscount.com/jardin/spa/spa-gonflable-bestway-lay-z-spa-aruba-170-x-66/f-1633001-bes6941607305041.html#mpos=47|mp,piscine et spa
048,048_tomodachi-life-une-vie-de-r-ve-jeu-nintendo-switch.jpg,,https://www.cdiscount.com/pdt2/c/h/i/1/400x400/ninns1tomodachi/rw/tomodachi-life-une-vie-de-reve-jeu-nintendo-sw.jpg,Tomodachi Life: Une Vie de Rêve • Jeu Nintendo Switch,"49,99 €",,5,,https://www.cdiscount.com/jeux-pc-video-console/nintendo-switch/tomodachi-life-une-vie-de-reve-jeu-nintendo-sw/f-10328-ninns1tomodachi.html#cm_rr=PL:10402302:NH:CAR,piscine et spa
049,049_apple-iphone-14-128gb-midnight-reconditionn-excellent-tat.jpg,,https://www.cdiscount.com/pdt2/e/x/e/1/400x400/rcdapp0038253exe/rw/apple-iphone-14-128gb-midnight-reconditionne-e.jpg,APPLE iPhone 14 128GB Midnight - Reconditionné - Excellent état,"270,00 €","309,99 €",4.0,,https://www.cdiscount.com/telephonie/telephone-mobile/apple-iphone-14-128gb-midnight-reconditionne-e/f-14404-rcdapp0038253exe.html#cm_rr=PL:10402302:NH:CAR,piscine et spa
050,050_friteuse-sans-huile-ninja-foodi-af200eu-capacit-7-6l-double-.jpg,,https://www.cdiscount.com/pdt2/7/0/8/1/400x400/aaapp19708/rw/friteuse-sans-huile-ninja-foodi-af200eu-capaci.jpg,"Friteuse sans huile NINJA - Foodi AF200EU - Capacité 7,6L - Double cuve - 4 programmes de cuisson - 2400W","109,99 €","179,99 €",4.8,,https://www.cdiscount.com/electromenager/petits-appareils-de-cuisson/friteuse-sans-huile-ninja-foodi-af200eu-capaci/f-1102002-aaapp19708.html#cm_rr=PL:10402302:NH:CAR,piscine et spa
051,051_tefal-ingenio-emotion-batterie-de-cuisine-13-pi-ces-acier-in.jpg,,https://www.cdiscount.com/pdt2/s/0/4/1/400x400/tefl897ds04/rw/tefal-ingenio-emotion-batterie-de-cuisine-13-piece.jpg,"Tefal Ingenio Emotion Batterie de cuisine 13 pièces, Acier inoxydable, Empilable, Garantie 5 ans, Revêtement antiadhésif L897DS04","89,99 €","179,99 €",4.6,,https://www.cdiscount.com/maison/cuisson/tefal-ingenio-emotion-batterie-de-cuisine-13-piece/f-1178901-tefl897ds04.html#cm_rr=PL:10402302:NH:CAR,piscine et spa
052,052_trottinette-lectrique-ausom-l1-moteur-pic-1100w-batterie-15-.jpg,,https://www.cdiscount.com/pdt2/6/4/4/1/400x400/aaarv12644/rw/trottinette-electrique-ausom-l1-moteur-a-pic-110.jpg,"Trottinette Électrique Ausom L1 - Moteur à Pic 1100W - Batterie 15.6Ah - Pneus Tubeless10"" - Suspension à Bras Oscillant-70km Portée","389,00 €","649,00 €",4.6,,https://www.cdiscount.com/le-sport/mobilite-urbaine/trottinette-electrique-ausom-l1-moteur-a-pic-110/f-1214801-aaarv12644.html#cm_rr=PL:10402302:NH:CAR,piscine et spa
053,053_tondeuse-thermique-autotract-e-ms132-42-42cm-131-cc-scheppac.jpg,,https://www.cdiscount.com/pdt2/9/2/0/1/400x400/sch4046664081920/rw/tondeuse-thermique-autotractee-ms132-42-42cm.jpg,Tondeuse thermique autotractée MS132-42 - 42cm - 131 CC - SCHEPPACH,"169,99 €","229,99 €",4.4,,https://www.cdiscount.com/jardin/outillage-de-jardin/tondeuse-thermique-autotractee-ms132-42-42cm/f-1632601-sch4046664081920.html#cm_rr=PL:10402302:NH:CAR,piscine et spa
054,054_vactechpro-aspirateur-balai-sans-fil-35kpa-aspirateur-sans-f.jpg,,https://www.cdiscount.com/pdt2/6/5/8/1/400x400/aaapo22658/rw/vactechpro-aspirateur-balai-sans-fil-35kpa-aspirat.jpg,"VACTechPro Aspirateur Balai sans Fil,35kPa Aspirateur sans Fil, 6-en-1, 35 Minutes d'Autonomie avec Batterie Amovible","69,99 €","129,00 €",4.7,,https://www.cdiscount.com/electromenager/aspirateurs-nettoyeurs/vactechpro-aspirateur-balai-sans-fil-35kpa-aspirat/f-1101410-aaapo22658.html#cm_rr=PL:10402302:NH:CAR,piscine et spa
055,055_tapis-de-course-raoo-min-sd-380cm-pliable-vitesse-1-12-km-h-.jpg,,https://www.cdiscount.com/pdt2/7/5/2/1/400x400/aabvs78752/rw/raoo-min-tapis-de-course-pliable-1-12km-h-moteur.jpg,Tapis de Course - RAOO MIN - SD-380CM - Pliable - Vitesse 1-12 km/h - Inclinaison 9%,"119,99 €","239,99 €",4.5,,https://www.cdiscount.com/le-sport/fitness-musculation-yoga/raoo-min-tapis-de-course-pliable-1-12km-h-moteur/f-1210411-aabvs78752.html#cm_rr=PL:10402302:NH:CAR,piscine et spa
